feature_set,FD001,FD002,FD003,FD004,mean
F1_current,23.41,23.76,23.25,23.51,23.48
F2_+mean,19.26,20.35,20.48,21.46,20.39
F3_+std,19.51,20.51,20.02,21.36,20.35
F4_+minmax,20.87,21.39,20.37,21.79,21.11
F5_+slope,17.72,18.89,18.1,19.54,18.56
F6_+delta,17.43,18.79,17.9,19.47,18.4
F7_+baseline,16.35,17.23,17.1,18.44,17.28
F8_+expanding,16.92,18.06,17.48,19.24,17.92
F9_+derived,17.05,18.11,17.98,19.45,18.15
F10_+health_index (FULL),16.53,17.68,17.63,19.25,17.77
F11_+cycle,15.22,15.82,15.57,17.05,15.92
LOGO_-current,16.67,17.61,17.7,19.28,17.82
LOGO_-mean,16.8,17.82,17.9,19.16,17.92
LOGO_-std,16.88,17.68,17.79,19.24,17.9
LOGO_-minmax,16.65,17.66,17.73,19.36,17.85
LOGO_-slope,16.96,17.74,18.08,19.74,18.13
LOGO_-delta,16.75,17.72,17.69,19.18,17.84
LOGO_-baseline,17.3,18.16,18.35,19.61,18.36
LOGO_-expanding,16.07,17.16,17.15,18.28,17.17
LOGO_-derived,16.66,17.68,17.79,19.16,17.82
LOGO_-health_index,17.05,18.11,17.98,19.45,18.15
RAW_FULL (no condition normalisation),16.42,18.9,17.83,22.19,18.84
S_core5_only,18.42,18.74,20.61,21.09,19.71
S_-fault_mode_sensors,17.04,18.31,19.08,19.39,18.45
S_-weak_sensors,17.07,18.17,18.07,19.29,18.15
S_-corrected_speeds,17.07,18.29,18.11,19.65,18.28
R1_F11 -expanding,14.26,14.96,14.65,15.93,14.95
R2_F7 +cycle (minimal),14.05,14.65,14.25,15.78,14.68
R3_R1 -health_index,14.15,14.86,14.54,15.72,14.82
