model,subset,comparison,set,vs,delta_rmse,ci_low,ci_high,significant
lightgbm,FD001,forward,F2_+mean,F1_current,-4.150976559081226,-5.598827440991448,-2.718358995478095,True
lightgbm,FD001,forward,F3_+std,F2_+mean,0.25467633659191335,-0.5715465169084902,1.072550364596649,False
lightgbm,FD001,forward,F4_+minmax,F3_+std,1.3553887808975382,0.7859717628532892,1.936139119958096,True
lightgbm,FD001,forward,F5_+slope,F4_+minmax,-3.1482181123169966,-3.9512657348217552,-2.310405113793669,True
lightgbm,FD001,forward,F6_+delta,F5_+slope,-0.2865034661973844,-0.63577574577488,0.058742603667483455,False
lightgbm,FD001,forward,F7_+baseline,F6_+delta,-1.083992167689285,-2.2385391462392557,0.11319715586413771,False
lightgbm,FD001,forward,F8_+expanding,F7_+baseline,0.5681621850417713,-0.29503506265966667,1.500356327569016,False
lightgbm,FD001,forward,F9_+derived,F8_+expanding,0.1278393229073984,-0.21604615175118264,0.46622817357981255,False
lightgbm,FD001,forward,F10_+health_index (FULL),F9_+derived,-0.5114356835998919,-0.8301109742650066,-0.1986335137331712,True
lightgbm,FD001,forward,F11_+cycle,F10_+health_index (FULL),-1.3155912801389356,-2.0263370342860427,-0.6020302261776351,True
lightgbm,FD001,vs FULL,LOGO_-current,F10_+health_index (FULL),0.1368742585992493,-0.11419886914159645,0.38506497112504906,False
lightgbm,FD001,vs FULL,LOGO_-mean,F10_+health_index (FULL),0.26949412519741145,-0.08189460426076325,0.5883613805819982,False
lightgbm,FD001,vs FULL,LOGO_-std,F10_+health_index (FULL),0.34688051906720574,0.04511568772748201,0.6207216466524882,True
lightgbm,FD001,vs FULL,LOGO_-minmax,F10_+health_index (FULL),0.11425723668232024,-0.2466749568029282,0.46444759590417456,False
lightgbm,FD001,vs FULL,LOGO_-slope,F10_+health_index (FULL),0.42314342685369866,0.03302516713785179,0.8537109367305987,True
lightgbm,FD001,vs FULL,LOGO_-delta,F10_+health_index (FULL),0.2182011625863609,-0.1093691941219407,0.5439832947373324,False
lightgbm,FD001,vs FULL,LOGO_-baseline,F10_+health_index (FULL),0.7682627338346251,-0.12050763883387719,1.6971360578009513,False
lightgbm,FD001,vs FULL,LOGO_-expanding,F10_+health_index (FULL),-0.4600512058863657,-1.219567905527916,0.2675747687474829,False
lightgbm,FD001,vs FULL,LOGO_-derived,F10_+health_index (FULL),0.12234333714096124,-0.17430210300459748,0.4380062923347749,False
lightgbm,FD001,vs FULL,LOGO_-health_index,F10_+health_index (FULL),0.5114356835998919,0.1986335137331711,0.8301109742650066,True
lightgbm,FD001,vs FULL,RAW_FULL (no condition normalisation),F10_+health_index (FULL),-0.11882450525678223,-0.5547178231241674,0.2824890377776863,False
lightgbm,FD001,sensors vs FULL-without-HI,S_core5_only,LOGO_-health_index,1.3708845103923508,0.2914384381058242,2.4973978281371885,True
lightgbm,FD001,sensors vs FULL-without-HI,S_-fault_mode_sensors,LOGO_-health_index,-0.007171347097138181,-0.6682830648238458,0.6425536762552583,False
lightgbm,FD001,sensors vs FULL-without-HI,S_-weak_sensors,LOGO_-health_index,0.02288965573588797,-0.3216692970830949,0.378315986508016,False
lightgbm,FD001,sensors vs FULL-without-HI,S_-corrected_speeds,LOGO_-health_index,0.02127654246978139,-0.35735296770404607,0.38743545539807245,False
lightgbm,FD001,refinement vs F11,R1_F11 -expanding,F11_+cycle,-0.96094773886729,-1.672137699264063,-0.2573572553059634,True
lightgbm,FD001,refinement vs F11,R2_F7 +cycle (minimal),F11_+cycle,-1.1725685370385879,-1.9404259478377328,-0.3943457503155423,True
lightgbm,FD001,refinement vs F11,R3_R1 -health_index,F11_+cycle,-1.0661407603060695,-1.7771530692578732,-0.37257904020713145,True
lightgbm,FD002,forward,F2_+mean,F1_current,-3.4105981210728835,-4.106423566955057,-2.744160027611195,True
lightgbm,FD002,forward,F3_+std,F2_+mean,0.16427381122934648,-0.1540605903077698,0.48050153370650334,False
lightgbm,FD002,forward,F4_+minmax,F3_+std,0.8771564455926821,0.5352312904401926,1.223842689264711,True
lightgbm,FD002,forward,F5_+slope,F4_+minmax,-2.502803372960443,-2.973207987653159,-1.9992632444099108,True
lightgbm,FD002,forward,F6_+delta,F5_+slope,-0.10241036915563484,-0.27705518531805007,0.06991555331514461,False
lightgbm,FD002,forward,F7_+baseline,F6_+delta,-1.5570650719435264,-2.210464875209159,-0.8729885200118936,True
lightgbm,FD002,forward,F8_+expanding,F7_+baseline,0.829694205773702,0.41632436996948935,1.2479198898067443,True
lightgbm,FD002,forward,F9_+derived,F8_+expanding,0.04880535728278801,-0.18598328705248166,0.26613701447606386,False
lightgbm,FD002,forward,F10_+health_index (FULL),F9_+derived,-0.42817557044885035,-0.7241253707706485,-0.13854186588355674,True
lightgbm,FD002,forward,F11_+cycle,F10_+health_index (FULL),-1.8580821352385257,-2.303521628790077,-1.396749344923403,True
lightgbm,FD002,vs FULL,LOGO_-current,F10_+health_index (FULL),-0.0669606706678536,-0.2846806377812885,0.14192550445638633,False
lightgbm,FD002,vs FULL,LOGO_-mean,F10_+health_index (FULL),0.13960016834096933,-0.0466769549077342,0.3155820561527406,False
lightgbm,FD002,vs FULL,LOGO_-std,F10_+health_index (FULL),0.002709939831021302,-0.20086797291834965,0.205275208552694,False
lightgbm,FD002,vs FULL,LOGO_-minmax,F10_+health_index (FULL),-0.023816440959876672,-0.22546300269145741,0.19471112980646124,False
lightgbm,FD002,vs FULL,LOGO_-slope,F10_+health_index (FULL),0.06021492920931237,-0.15262221125272743,0.2709054862923484,False
lightgbm,FD002,vs FULL,LOGO_-delta,F10_+health_index (FULL),0.04450933549235003,-0.15931013179972958,0.2526653457889302,False
lightgbm,FD002,vs FULL,LOGO_-baseline,F10_+health_index (FULL),0.4843690583118878,0.03739406732388852,0.9252424636499531,True
lightgbm,FD002,vs FULL,LOGO_-expanding,F10_+health_index (FULL),-0.52257808836222,-0.9490445725287588,-0.09802952031010051,True
lightgbm,FD002,vs FULL,LOGO_-derived,F10_+health_index (FULL),0.003959684512672368,-0.2088448458668659,0.24365154405258627,False
lightgbm,FD002,vs FULL,LOGO_-health_index,F10_+health_index (FULL),0.42817557044885035,0.13854186588355671,0.7241253707706484,True
lightgbm,FD002,vs FULL,RAW_FULL (no condition normalisation),F10_+health_index (FULL),1.2207911339655446,0.46552225384166973,1.9754247424781908,True
lightgbm,FD002,sensors vs FULL-without-HI,S_core5_only,LOGO_-health_index,0.6291219144895805,-0.027104515404974182,1.2066143588907658,False
lightgbm,FD002,sensors vs FULL-without-HI,S_-fault_mode_sensors,LOGO_-health_index,0.20463564386925626,-0.1836880094867568,0.5854073557953551,False
lightgbm,FD002,sensors vs FULL-without-HI,S_-weak_sensors,LOGO_-health_index,0.05915091260084182,-0.15049850937120263,0.265908824756853,False
lightgbm,FD002,sensors vs FULL-without-HI,S_-corrected_speeds,LOGO_-health_index,0.1807344615807942,-0.059645018286253564,0.413456130401805,False
lightgbm,FD002,refinement vs F11,R1_F11 -expanding,F11_+cycle,-0.8629323243363487,-1.2577749198010704,-0.4848523682350403,True
lightgbm,FD002,refinement vs F11,R2_F7 +cycle (minimal),F11_+cycle,-1.1727149699153934,-1.586721748931206,-0.7641537375982907,True
lightgbm,FD002,refinement vs F11,R3_R1 -health_index,F11_+cycle,-0.9660253028459636,-1.3677771411988178,-0.5739964010943239,True
lightgbm,FD003,forward,F2_+mean,F1_current,-2.765659788828561,-4.055418577587287,-1.3751725210258343,True
lightgbm,FD003,forward,F3_+std,F2_+mean,-0.46586250089401915,-1.2286093775536446,0.3603593446372538,False
lightgbm,FD003,forward,F4_+minmax,F3_+std,0.3580539621121339,-0.43663404822079227,1.2052300463351766,False
lightgbm,FD003,forward,F5_+slope,F4_+minmax,-2.2796361834774643,-3.2134810608621924,-1.381469737309827,True
lightgbm,FD003,forward,F6_+delta,F5_+slope,-0.19583106986772947,-0.5687044353508581,0.1640076872240526,False
lightgbm,FD003,forward,F7_+baseline,F6_+delta,-0.7988974044220392,-2.0046633417335276,0.3813917491233121,False
lightgbm,FD003,forward,F8_+expanding,F7_+baseline,0.3771794175251344,-0.31505152387210955,1.084813460684125,False
lightgbm,FD003,forward,F9_+derived,F8_+expanding,0.5009414544901247,0.1101422584774074,0.8560293741382083,True
lightgbm,FD003,forward,F10_+health_index (FULL),F9_+derived,-0.3448548480319751,-0.7559221686118984,0.03373305975787895,False
lightgbm,FD003,forward,F11_+cycle,F10_+health_index (FULL),-2.062065024184376,-2.7923941456956114,-1.365260768866989,True
lightgbm,FD003,vs FULL,LOGO_-current,F10_+health_index (FULL),0.06299753391441243,-0.23478723985337435,0.35121933494514596,False
lightgbm,FD003,vs FULL,LOGO_-mean,F10_+health_index (FULL),0.264765350539232,-0.041678354153674664,0.5468381652981379,False
lightgbm,FD003,vs FULL,LOGO_-std,F10_+health_index (FULL),0.15469724456485068,-0.16421273128833205,0.43896311006569955,False
lightgbm,FD003,vs FULL,LOGO_-minmax,F10_+health_index (FULL),0.0950033734006297,-0.2226314504913959,0.3952920233678393,False
lightgbm,FD003,vs FULL,LOGO_-slope,F10_+health_index (FULL),0.4443898465454694,0.0904750871676713,0.7923285849695256,True
lightgbm,FD003,vs FULL,LOGO_-delta,F10_+health_index (FULL),0.05508609390502173,-0.19756149482031127,0.31936599996070436,False
lightgbm,FD003,vs FULL,LOGO_-baseline,F10_+health_index (FULL),0.7142519967632275,0.021071218074217593,1.4203916983774796,True
lightgbm,FD003,vs FULL,LOGO_-expanding,F10_+health_index (FULL),-0.48119191365030645,-1.0711484363961505,0.07973087323839681,False
lightgbm,FD003,vs FULL,LOGO_-derived,F10_+health_index (FULL),0.15665321626722317,-0.22450262465423157,0.533066904242932,False
lightgbm,FD003,vs FULL,LOGO_-health_index,F10_+health_index (FULL),0.3448548480319751,-0.03373305975787897,0.7559221686118981,False
lightgbm,FD003,vs FULL,RAW_FULL (no condition normalisation),F10_+health_index (FULL),0.20096895868229936,-0.19172310470108736,0.6075401496962716,False
lightgbm,FD003,sensors vs FULL-without-HI,S_core5_only,LOGO_-health_index,2.6306808433947992,1.458283719715058,3.830608703703807,True
lightgbm,FD003,sensors vs FULL-without-HI,S_-fault_mode_sensors,LOGO_-health_index,1.097240728897301,0.585480828939416,1.5876459680102852,True
lightgbm,FD003,sensors vs FULL-without-HI,S_-weak_sensors,LOGO_-health_index,0.09322198067269127,-0.25175694520060066,0.4502613810748295,False
lightgbm,FD003,sensors vs FULL-without-HI,S_-corrected_speeds,LOGO_-health_index,0.1264674431716699,-0.22176503453892185,0.5000985584088234,False
lightgbm,FD003,refinement vs F11,R1_F11 -expanding,F11_+cycle,-0.9195847775795905,-1.5157788705999484,-0.3378347090280964,True
lightgbm,FD003,refinement vs F11,R2_F7 +cycle (minimal),F11_+cycle,-1.324418904633152,-1.938467851730719,-0.7366672985247027,True
lightgbm,FD003,refinement vs F11,R3_R1 -health_index,F11_+cycle,-1.0346696151851535,-1.6307915884108364,-0.4706782957197527,True
lightgbm,FD004,forward,F2_+mean,F1_current,-2.054978770427322,-2.615238855059919,-1.4742840102750245,True
lightgbm,FD004,forward,F3_+std,F2_+mean,-0.09481696099878434,-0.5053781922755516,0.26290544262559384,False
lightgbm,FD004,forward,F4_+minmax,F3_+std,0.4262309664221142,0.07756262344626226,0.7761388430291922,True
lightgbm,FD004,forward,F5_+slope,F4_+minmax,-2.2544929883740004,-2.7830022473103324,-1.7559291508191803,True
lightgbm,FD004,forward,F6_+delta,F5_+slope,-0.06980953948133362,-0.29318083093111724,0.1543253624242895,False
lightgbm,FD004,forward,F7_+baseline,F6_+delta,-1.0259119411507314,-1.6863792231588546,-0.38694090871707326,True
lightgbm,FD004,forward,F8_+expanding,F7_+baseline,0.8022984693780089,0.305449176718786,1.3301692768697635,True
lightgbm,FD004,forward,F9_+derived,F8_+expanding,0.2052009655526028,-0.05157395385111716,0.450467960330026,False
lightgbm,FD004,forward,F10_+health_index (FULL),F9_+derived,-0.20052439626629948,-0.4396937131374985,0.02805347858248719,False
lightgbm,FD004,forward,F11_+cycle,F10_+health_index (FULL),-2.191682222805955,-2.6720314881656817,-1.7366726457535038,True
lightgbm,FD004,vs FULL,LOGO_-current,F10_+health_index (FULL),0.037717167702261634,-0.1745605044781441,0.25946938952053294,False
lightgbm,FD004,vs FULL,LOGO_-mean,F10_+health_index (FULL),-0.08344875009487396,-0.2884920490103612,0.14221719012838085,False
lightgbm,FD004,vs FULL,LOGO_-std,F10_+health_index (FULL),-0.00783676012538237,-0.24103469021769586,0.22773589049141704,False
lightgbm,FD004,vs FULL,LOGO_-minmax,F10_+health_index (FULL),0.11002568206037111,-0.10729862008083871,0.3377109948867954,False
lightgbm,FD004,vs FULL,LOGO_-slope,F10_+health_index (FULL),0.489933131970659,0.2184810215562182,0.7520486786322663,True
lightgbm,FD004,vs FULL,LOGO_-delta,F10_+health_index (FULL),-0.0644672660048684,-0.27750065066449336,0.16986035848798578,False
lightgbm,FD004,vs FULL,LOGO_-baseline,F10_+health_index (FULL),0.36543480472965584,-0.040212795962557286,0.7848298218738378,False
lightgbm,FD004,vs FULL,LOGO_-expanding,F10_+health_index (FULL),-0.9662134677870391,-1.4723834864208516,-0.48742406972672125,True
lightgbm,FD004,vs FULL,LOGO_-derived,F10_+health_index (FULL),-0.08463528006906884,-0.3718599801531039,0.18022657105095438,False
lightgbm,FD004,vs FULL,LOGO_-health_index,F10_+health_index (FULL),0.20052439626629948,-0.0280534785824873,0.43969371313749844,False
lightgbm,FD004,vs FULL,RAW_FULL (no condition normalisation),F10_+health_index (FULL),2.944936529833086,2.037413775913278,3.8401014544314025,True
lightgbm,FD004,sensors vs FULL-without-HI,S_core5_only,LOGO_-health_index,1.64157862407804,0.9468207636399911,2.339616598539016,True
lightgbm,FD004,sensors vs FULL-without-HI,S_-fault_mode_sensors,LOGO_-health_index,-0.05914293246646807,-0.4225232760223979,0.3042203749750094,False
lightgbm,FD004,sensors vs FULL-without-HI,S_-weak_sensors,LOGO_-health_index,-0.15953221108033233,-0.4299232320741654,0.1032957262894048,False
lightgbm,FD004,sensors vs FULL-without-HI,S_-corrected_speeds,LOGO_-health_index,0.20566968944978825,-0.013426161415354531,0.4385778641738653,False
lightgbm,FD004,refinement vs F11,R1_F11 -expanding,F11_+cycle,-1.1202869771311388,-1.5502008458797356,-0.7275354993542915,True
lightgbm,FD004,refinement vs F11,R2_F7 +cycle (minimal),F11_+cycle,-1.2762281953529797,-1.7576677168064332,-0.8409199674858981,True
lightgbm,FD004,refinement vs F11,R3_R1 -health_index,F11_+cycle,-1.3333263917589857,-1.792021331402658,-0.9309544686220977,True
ridge,FD001,forward,F2_+mean,F1_current,-5.03641484491007,-6.113991055903591,-3.9649085693139776,True
ridge,FD001,forward,F3_+std,F2_+mean,-0.18238504635269592,-0.3878949535725077,0.022358807754990634,False
ridge,FD001,forward,F4_+minmax,F3_+std,0.017489803532573234,-0.35734890590326074,0.3599543224364714,False
ridge,FD001,forward,F5_+slope,F4_+minmax,-0.028737186815252613,-0.07135602664849597,0.012381156066465233,False
ridge,FD001,forward,F6_+delta,F5_+slope,-0.0016608906978383686,-0.08229456401662434,0.08059258456674027,False
ridge,FD001,forward,F7_+baseline,F6_+delta,-0.2524233795097217,-0.9085431040949041,0.44980884777729363,False
ridge,FD001,forward,F8_+expanding,F7_+baseline,0.9392376755113574,-0.003299538685819039,1.864217570201807,False
ridge,FD001,forward,F9_+derived,F8_+expanding,-0.06657475783066857,-0.37286755223315204,0.24071812357050262,False
ridge,FD001,forward,F10_+health_index (FULL),F9_+derived,0.013539336058840945,-0.1255408164334158,0.16027407217027556,False
ridge,FD001,forward,F11_+cycle,F10_+health_index (FULL),-0.04488552083016728,-0.133973421042199,0.030853320919620047,False
ridge,FD001,vs FULL,LOGO_-current,F10_+health_index (FULL),-0.013821996756387733,-0.03608120777671946,0.0087271998495555,False
ridge,FD001,vs FULL,LOGO_-mean,F10_+health_index (FULL),0.058916841985734436,-0.5757669190199013,0.7158502924537296,False
ridge,FD001,vs FULL,LOGO_-std,F10_+health_index (FULL),0.21275585599901703,-0.005254876471845281,0.4402854626632478,False
ridge,FD001,vs FULL,LOGO_-minmax,F10_+health_index (FULL),0.2696532558515834,-0.20080925294236698,0.7534453929360555,False
ridge,FD001,vs FULL,LOGO_-slope,F10_+health_index (FULL),-0.03473944369909532,-0.09439320333107908,0.030730165160603548,False
ridge,FD001,vs FULL,LOGO_-delta,F10_+health_index (FULL),-0.05956995532196885,-0.11371546796971428,-0.0048715818562969915,True
ridge,FD001,vs FULL,LOGO_-baseline,F10_+health_index (FULL),-0.6397920367402712,-1.31187988539848,0.03629406053192439,False
ridge,FD001,vs FULL,LOGO_-expanding,F10_+health_index (FULL),-0.8269202149537129,-1.7452731107045891,0.07466871407536711,False
ridge,FD001,vs FULL,LOGO_-derived,F10_+health_index (FULL),0.1072492756794503,-0.20207718509396858,0.41107330816410204,False
ridge,FD001,vs FULL,LOGO_-health_index,F10_+health_index (FULL),-0.013539336058840945,-0.1602740721702757,0.12554081643341578,False
ridge,FD001,vs FULL,RAW_FULL (no condition normalisation),F10_+health_index (FULL),0.09558839407804598,-0.021726924051852236,0.22604479503463157,False
ridge,FD001,sensors vs FULL-without-HI,S_core5_only,LOGO_-health_index,0.760966200064825,-0.2794481339642827,1.7846335808473963,False
ridge,FD001,sensors vs FULL-without-HI,S_-fault_mode_sensors,LOGO_-health_index,0.12126792333888403,-0.6947922161832113,0.9395739973891887,False
ridge,FD001,sensors vs FULL-without-HI,S_-weak_sensors,LOGO_-health_index,0.31713690203456935,-0.16122839727109425,0.8884492188791169,False
ridge,FD001,sensors vs FULL-without-HI,S_-corrected_speeds,LOGO_-health_index,-0.36457683470178637,-0.7318402699108401,0.00022783518811307667,False
ridge,FD001,refinement vs F11,R1_F11 -expanding,F11_+cycle,-0.7276234689499148,-1.6014654228316156,0.109486579492587,False
ridge,FD001,refinement vs F11,R2_F7 +cycle (minimal),F11_+cycle,-0.7684087643270523,-1.673727694357715,0.1287584882005195,False
ridge,FD001,refinement vs F11,R3_R1 -health_index,F11_+cycle,-0.8151775954738021,-1.69989252356431,0.055202199854377784,False
ridge,FD002,forward,F2_+mean,F1_current,-4.530750039829112,-5.092886787607308,-3.9989253370627726,True
ridge,FD002,forward,F3_+std,F2_+mean,0.006121734108081256,-0.11984069266066673,0.1315906609409142,False
ridge,FD002,forward,F4_+minmax,F3_+std,-0.2571834472166685,-0.43261370848895553,-0.09143609363814852,True
ridge,FD002,forward,F5_+slope,F4_+minmax,-0.0482595343647354,-0.09359608826161044,-0.002532337029763215,True
ridge,FD002,forward,F6_+delta,F5_+slope,-0.0442901788277581,-0.07610209369143454,-0.010559635265220644,True
ridge,FD002,forward,F7_+baseline,F6_+delta,-0.9305715509803711,-1.4483102061653703,-0.4161955230241492,True
ridge,FD002,forward,F8_+expanding,F7_+baseline,-0.2997312112621273,-0.6051111167517901,0.014657043180433914,False
ridge,FD002,forward,F9_+derived,F8_+expanding,0.2545506306026475,0.12052412266936248,0.39654110866109593,True
ridge,FD002,forward,F10_+health_index (FULL),F9_+derived,0.04471958525551045,-0.029380704995118467,0.1179213366285887,False
ridge,FD002,forward,F11_+cycle,F10_+health_index (FULL),-0.10336707101127018,-0.16010160106234855,-0.044792453397858284,True
ridge,FD002,vs FULL,LOGO_-current,F10_+health_index (FULL),0.005669175376063151,-0.0031792964204912623,0.014514038851147317,False
ridge,FD002,vs FULL,LOGO_-mean,F10_+health_index (FULL),0.21982551304058617,0.040752741065202616,0.39957157697547574,True
ridge,FD002,vs FULL,LOGO_-std,F10_+health_index (FULL),0.1359822305024352,0.0226977820249485,0.2558242181854608,True
ridge,FD002,vs FULL,LOGO_-minmax,F10_+health_index (FULL),0.3113274585388126,0.11428287762154898,0.5123982493612513,True
ridge,FD002,vs FULL,LOGO_-slope,F10_+health_index (FULL),0.015230602750733624,-0.012780610105927969,0.04473470141201172,False
ridge,FD002,vs FULL,LOGO_-delta,F10_+health_index (FULL),0.00044014151519533584,-0.0264419871184427,0.025412356678624168,False
ridge,FD002,vs FULL,LOGO_-baseline,F10_+health_index (FULL),-0.21018427933543649,-0.5165686470638993,0.07633119917769207,False
ridge,FD002,vs FULL,LOGO_-expanding,F10_+health_index (FULL),0.01841354031640563,-0.33105006349600136,0.3712037801754533,False
ridge,FD002,vs FULL,LOGO_-derived,F10_+health_index (FULL),-0.2503074701397807,-0.3885054044462103,-0.11722275359498147,True
ridge,FD002,vs FULL,LOGO_-health_index,F10_+health_index (FULL),-0.04471958525551045,-0.11792133662858877,0.029380704995118436,False
ridge,FD002,vs FULL,RAW_FULL (no condition normalisation),F10_+health_index (FULL),0.8206354369882263,0.23903205655556095,1.3732361070999233,True
ridge,FD002,sensors vs FULL-without-HI,S_core5_only,LOGO_-health_index,0.1981402230163205,-0.2786639846803943,0.6755645759907261,False
ridge,FD002,sensors vs FULL-without-HI,S_-fault_mode_sensors,LOGO_-health_index,-0.02761374577938369,-0.356782010598154,0.29466595578263105,False
ridge,FD002,sensors vs FULL-without-HI,S_-weak_sensors,LOGO_-health_index,0.25076113111308374,0.012512936610486582,0.5050387953367171,True
ridge,FD002,sensors vs FULL-without-HI,S_-corrected_speeds,LOGO_-health_index,0.002886907235154723,-0.21590905947336064,0.2044000504367206,False
ridge,FD002,refinement vs F11,R1_F11 -expanding,F11_+cycle,-0.030985318533758743,-0.3783187571306894,0.3249681015157022,False
ridge,FD002,refinement vs F11,R2_F7 +cycle (minimal),F11_+cycle,0.001766515889279674,-0.3679426651203755,0.3645626264227706,False
ridge,FD002,refinement vs F11,R3_R1 -health_index,F11_+cycle,0.10272089189714961,-0.25929305000620556,0.46425288495161277,False
ridge,FD003,forward,F2_+mean,F1_current,-3.818978392805505,-4.648937719119518,-2.951320129252854,True
ridge,FD003,forward,F3_+std,F2_+mean,-0.5069104501040833,-0.8589265724621271,-0.12446407682370775,True
ridge,FD003,forward,F4_+minmax,F3_+std,0.09676009936504926,-0.15953150871469868,0.3588223457987358,False
ridge,FD003,forward,F5_+slope,F4_+minmax,0.01868188390368175,-0.02598363077236856,0.06564429066427031,False
ridge,FD003,forward,F6_+delta,F5_+slope,-0.09136071351446873,-0.20805130551268142,0.02020672834136007,False
ridge,FD003,forward,F7_+baseline,F6_+delta,-0.068386637090466,-1.2216070720197811,1.3590413685285718,False
ridge,FD003,forward,F8_+expanding,F7_+baseline,-0.7511387687959648,-1.4799414251775267,-0.017410344008065456,True
ridge,FD003,forward,F9_+derived,F8_+expanding,-0.30683865592700954,-0.7048166436467638,0.10253243455696778,False
ridge,FD003,forward,F10_+health_index (FULL),F9_+derived,-0.034887399199984515,-0.30270860332683247,0.18945811894235662,False
ridge,FD003,forward,F11_+cycle,F10_+health_index (FULL),-0.316139906596284,-0.561330642012363,-0.08586153906362227,True
ridge,FD003,vs FULL,LOGO_-current,F10_+health_index (FULL),-0.00010845585212493347,-0.01795299260430916,0.016976489154037988,False
ridge,FD003,vs FULL,LOGO_-mean,F10_+health_index (FULL),0.24760418665382034,-0.12117803475759122,0.619992513249381,False
ridge,FD003,vs FULL,LOGO_-std,F10_+health_index (FULL),0.09601778207250078,-0.3164718804865084,0.4588075603811121,False
ridge,FD003,vs FULL,LOGO_-minmax,F10_+health_index (FULL),-0.20368516980483165,-0.5221998501530696,0.0850221484328875,False
ridge,FD003,vs FULL,LOGO_-slope,F10_+health_index (FULL),-0.033391056529424645,-0.07545145302999545,0.007234995329235436,False
ridge,FD003,vs FULL,LOGO_-delta,F10_+health_index (FULL),-0.011236051879276232,-0.08003048461331641,0.05964855798058445,False
ridge,FD003,vs FULL,LOGO_-baseline,F10_+health_index (FULL),-0.09180372785428759,-0.5983153258404169,0.3618864719365543,False
ridge,FD003,vs FULL,LOGO_-expanding,F10_+health_index (FULL),0.9829963537047028,0.15679767291330043,1.8390472843437462,True
ridge,FD003,vs FULL,LOGO_-derived,F10_+health_index (FULL),0.34406916558079104,-0.05782491547216155,0.7512261822886211,False
ridge,FD003,vs FULL,LOGO_-health_index,F10_+health_index (FULL),0.034887399199984515,-0.1894581189423567,0.30270860332683247,False
ridge,FD003,vs FULL,RAW_FULL (no condition normalisation),F10_+health_index (FULL),0.18865933790938527,0.008630204229005756,0.39099309194378934,True
ridge,FD003,sensors vs FULL-without-HI,S_core5_only,LOGO_-health_index,1.2249146620499545,-0.2121685069143342,2.6782015726616533,False
ridge,FD003,sensors vs FULL-without-HI,S_-fault_mode_sensors,LOGO_-health_index,1.058691589992101,0.12899660475271466,2.015189590089591,True
ridge,FD003,sensors vs FULL-without-HI,S_-weak_sensors,LOGO_-health_index,-0.27141771048580665,-1.421225578538365,0.5212001587873392,False
ridge,FD003,sensors vs FULL-without-HI,S_-corrected_speeds,LOGO_-health_index,0.21517487157427695,-0.2131848360490638,0.6003233201212269,False
ridge,FD003,refinement vs F11,R1_F11 -expanding,F11_+cycle,0.5058902565590984,-0.24080145441446854,1.2915792631581788,False
ridge,FD003,refinement vs F11,R2_F7 +cycle (minimal),F11_+cycle,0.7692012320032582,-0.009162591056861206,1.5704264723287715,False
ridge,FD003,refinement vs F11,R3_R1 -health_index,F11_+cycle,0.4650985849392626,-0.28016866478194674,1.2432850194343574,False
ridge,FD004,forward,F2_+mean,F1_current,-2.7979170905214055,-3.3871514645371037,-2.2460713723575254,True
ridge,FD004,forward,F3_+std,F2_+mean,-0.394168485452969,-0.6035623443850529,-0.205975712242273,True
ridge,FD004,forward,F4_+minmax,F3_+std,0.09679260853462779,-0.11259573381434862,0.3032924537036369,False
ridge,FD004,forward,F5_+slope,F4_+minmax,-0.022680733769341543,-0.05063575727094518,0.006019026350439471,False
ridge,FD004,forward,F6_+delta,F5_+slope,-0.0172029973639809,-0.04946403050192396,0.016030722772529756,False
ridge,FD004,forward,F7_+baseline,F6_+delta,-1.5331032055205824,-2.157589466560641,-0.921790927260823,True
ridge,FD004,forward,F8_+expanding,F7_+baseline,0.20568353716474164,-0.20275158080789293,0.5903950944298119,False
ridge,FD004,forward,F9_+derived,F8_+expanding,-0.03438325614460069,-0.17513831085558343,0.10799662919655412,False
ridge,FD004,forward,F10_+health_index (FULL),F9_+derived,-0.03115185047536073,-0.12901517143597935,0.07564055428645906,False
ridge,FD004,forward,F11_+cycle,F10_+health_index (FULL),-0.49772994631116774,-0.7080951655794524,-0.3165988970434918,True
ridge,FD004,vs FULL,LOGO_-current,F10_+health_index (FULL),0.006786182190015921,-0.007549313120068036,0.019653035212763112,False
ridge,FD004,vs FULL,LOGO_-mean,F10_+health_index (FULL),-0.06134040006045183,-0.21575109238481788,0.09455723104740751,False
ridge,FD004,vs FULL,LOGO_-std,F10_+health_index (FULL),-0.04310647270970236,-0.1330459547922053,0.04572279148938122,False
ridge,FD004,vs FULL,LOGO_-minmax,F10_+health_index (FULL),-0.18389847595500441,-0.3382812549278773,-0.025238559232088294,True
ridge,FD004,vs FULL,LOGO_-slope,F10_+health_index (FULL),-0.007467929528907291,-0.03237297857677719,0.015902488495681488,False
ridge,FD004,vs FULL,LOGO_-delta,F10_+health_index (FULL),-0.01620964021248028,-0.036422464065492474,0.0039009472129678505,False
ridge,FD004,vs FULL,LOGO_-baseline,F10_+health_index (FULL),-0.16443076989422067,-0.4635737812924877,0.12048163021686598,False
ridge,FD004,vs FULL,LOGO_-expanding,F10_+health_index (FULL),-0.14606725789793984,-0.5820880324927281,0.29825489746524164,False
ridge,FD004,vs FULL,LOGO_-derived,F10_+health_index (FULL),0.017005975049212196,-0.1318307806014926,0.16622882626511623,False
ridge,FD004,vs FULL,LOGO_-health_index,F10_+health_index (FULL),0.03115185047536073,-0.07564055428645906,0.1290151714359791,False
ridge,FD004,vs FULL,RAW_FULL (no condition normalisation),F10_+health_index (FULL),0.28027091842112384,-0.3118832411352971,0.8689752099980169,False
ridge,FD004,sensors vs FULL-without-HI,S_core5_only,LOGO_-health_index,0.07607521102267611,-0.47370813594142386,0.6455981916082534,False
ridge,FD004,sensors vs FULL-without-HI,S_-fault_mode_sensors,LOGO_-health_index,-0.10425579357525905,-0.4903749906128239,0.25953542474982827,False
ridge,FD004,sensors vs FULL-without-HI,S_-weak_sensors,LOGO_-health_index,-0.14756844464157481,-0.41172293269927873,0.11528425886069758,False
ridge,FD004,sensors vs FULL-without-HI,S_-corrected_speeds,LOGO_-health_index,-0.060706597106896965,-0.20420006547434805,0.08074560803543603,False
ridge,FD004,refinement vs F11,R1_F11 -expanding,F11_+cycle,0.13322838872322507,-0.2956432867197988,0.5985442440773565,False
ridge,FD004,refinement vs F11,R2_F7 +cycle (minimal),F11_+cycle,0.14409979569832032,-0.2850278175099977,0.5928763165234762,False
ridge,FD004,refinement vs F11,R3_R1 -health_index,F11_+cycle,0.06423740879774442,-0.36475109452527577,0.5126173536689349,False
