subset,hist,n,rmse,bias,mean true RUL
FD001,≤30,32.0,13.73,-7.4,135.53
FD001,31-60,124.0,18.13,-1.58,124.08
FD001,61-100,193.0,18.41,2.99,101.55
FD001,101-150,289.0,11.53,0.6,71.46
FD001,>150,362.0,9.67,-2.11,49.3
FD002,≤30,117.0,13.09,-5.94,134.5
FD002,31-60,255.0,18.76,0.01,123.53
FD002,61-100,548.0,19.95,2.41,104.09
FD002,101-150,780.0,13.36,1.35,70.68
FD002,>150,900.0,8.83,-1.81,47.5
FD003,≤30,26.0,8.48,-2.33,139.27
FD003,31-60,54.0,14.3,2.36,127.61
FD003,61-100,144.0,20.01,6.18,110.58
FD003,101-150,265.0,16.3,2.53,75.98
FD003,>150,511.0,10.38,-1.77,61.8
FD004,≤30,61.0,14.29,-0.77,134.9
FD004,31-60,161.0,18.44,3.87,124.97
FD004,61-100,332.0,21.7,8.75,105.9
FD004,101-150,591.0,17.17,4.08,80.4
FD004,>150,1345.0,13.0,-0.46,61.76
