subset,band,n,rmse,bias,late (>+10)
FD001,6-25,118.0,4.39,0.79,0.04
FD001,26-50,194.0,7.01,1.94,0.12
FD001,51-75,180.0,12.63,5.28,0.31
FD001,76-100,170.0,16.15,6.91,0.39
FD001,101-125,160.0,13.01,0.58,0.22
FD001,126-150,178.0,20.19,-17.61,0.0
FD002,6-25,344.0,3.94,0.28,0.02
FD002,26-50,467.0,8.7,2.97,0.15
FD002,51-75,449.0,15.05,7.03,0.35
FD002,76-100,448.0,16.89,8.12,0.41
FD002,101-125,447.0,12.77,-1.08,0.22
FD002,126-150,445.0,20.89,-17.4,0.0
FD003,6-25,117.0,2.79,0.48,0.0
FD003,26-50,193.0,7.72,3.03,0.13
FD003,51-75,181.0,13.77,6.08,0.29
FD003,76-100,167.0,16.96,6.75,0.39
FD003,101-125,161.0,15.07,0.0,0.26
FD003,126-150,181.0,18.91,-11.88,0.04
FD004,6-25,332.0,6.52,2.48,0.11
FD004,26-50,440.0,10.15,4.26,0.19
FD004,51-75,426.0,18.32,7.41,0.38
FD004,76-100,438.0,20.5,8.51,0.46
FD004,101-125,421.0,15.84,2.14,0.36
FD004,126-150,433.0,17.53,-12.04,0.03
