subset,model,configs,best_rmse,worst_rmse,median_rmse
FD001,elasticnet,8,18.96,20.14,19.34
FD001,lightgbm,8,14.05,14.56,14.3
FD001,random_forest,6,15.45,16.75,16.04
FD001,ridge,5,18.97,19.05,19.03
FD001,xgboost,8,13.95,14.79,14.16
FD002,elasticnet,8,19.01,20.13,19.26
FD002,lightgbm,8,14.65,14.97,14.76
FD002,random_forest,6,16.34,17.34,16.86
FD002,ridge,5,18.99,19.0,18.99
FD002,xgboost,8,14.51,15.07,14.75
FD003,elasticnet,8,20.27,21.44,20.49
FD003,lightgbm,8,14.25,14.62,14.52
FD003,random_forest,6,15.99,17.21,16.59
FD003,ridge,5,20.3,20.43,20.4
FD003,xgboost,8,14.32,14.93,14.69
FD004,elasticnet,8,20.88,22.25,21.2
FD004,lightgbm,8,15.74,16.07,15.84
FD004,random_forest,6,17.33,18.41,17.95
FD004,ridge,5,20.89,20.95,20.95
FD004,xgboost,8,15.97,16.27,16.14
