subset,model,cap,rmse,rmse_fold_std,mae,bias,phm08_score_per_sample,fold RMSEs
FD001,xgboost,130.0,13.58,0.43,10.13,-0.45,2.93,"[13.592, 14.026, 13.269, 13.955, 13.036]"
FD001,lightgbm,140.0,13.9,0.38,10.1,1.21,3.72,"[14.409, 13.464, 13.969, 14.068, 13.594]"
FD001,random_forest,140.0,15.19,0.36,11.38,1.79,4.33,"[14.729, 15.345, 15.221, 15.674, 14.956]"
FD001,elasticnet,140.0,19.42,0.89,16.06,4.83,6.98,"[19.14, 19.514, 18.877, 20.884, 18.614]"
FD001,ridge,140.0,19.56,0.99,16.06,4.43,7.16,"[19.049, 19.436, 19.736, 21.072, 18.405]"
FD002,xgboost,130.0,14.37,0.37,10.56,0.02,3.67,"[13.804, 14.654, 14.238, 14.709, 14.451]"
FD002,lightgbm,130.0,14.52,0.36,10.58,0.13,3.72,"[13.937, 14.629, 14.825, 14.448, 14.756]"
FD002,random_forest,130.0,16.21,0.52,12.15,0.56,5.07,"[15.325, 16.194, 16.699, 16.314, 16.463]"
FD002,elasticnet,130.0,19.04,0.8,15.35,2.5,6.7,"[18.343, 19.994, 18.242, 19.723, 18.84]"
FD002,ridge,130.0,19.05,0.96,15.34,2.3,6.78,"[18.278, 20.167, 17.884, 19.739, 19.079]"
FD003,lightgbm,140.0,14.0,1.38,9.93,0.72,3.55,"[13.638, 14.983, 12.692, 15.745, 12.677]"
FD003,xgboost,150.0,14.47,1.53,10.4,2.35,4.19,"[14.293, 16.363, 12.568, 15.459, 13.365]"
FD003,random_forest,140.0,15.88,1.2,11.55,1.98,5.16,"[16.478, 17.409, 14.989, 15.962, 14.379]"
FD003,elasticnet,130.0,20.38,1.18,16.74,3.36,8.41,"[20.27, 21.961, 19.114, 21.041, 19.374]"
FD003,ridge,130.0,20.39,1.23,16.74,3.47,8.35,"[20.438, 21.925, 19.147, 21.152, 19.118]"
FD004,lightgbm,140.0,15.85,1.89,11.53,2.12,6.18,"[18.519, 13.815, 15.05, 16.759, 14.598]"
FD004,xgboost,140.0,15.99,1.85,11.7,2.17,6.84,"[18.395, 13.638, 15.72, 16.933, 14.798]"
FD004,random_forest,140.0,17.58,2.37,13.09,2.99,7.48,"[20.865, 14.554, 17.052, 18.41, 16.318]"
FD004,elasticnet,130.0,21.02,1.77,16.99,3.21,10.38,"[23.848, 19.747, 20.205, 21.415, 19.561]"
FD004,ridge,130.0,21.02,1.8,16.99,3.2,10.38,"[23.879, 19.795, 20.109, 21.478, 19.512]"
