subset,model,final_primary,final_confirm,final_wide,confirm − primary
FD001,elasticnet,19.42,19.44,25.88,0.02
FD001,lightgbm,13.9,13.85,20.77,-0.05
FD001,random_forest,15.19,14.84,22.15,-0.35
FD001,ridge,19.56,19.75,26.02,0.19
FD001,xgboost,13.58,13.38,22.7,-0.2
FD002,elasticnet,19.04,19.24,27.3,0.2
FD002,lightgbm,14.52,14.49,23.26,-0.03
FD002,random_forest,16.21,16.36,24.58,0.15
FD002,ridge,19.05,19.23,27.19,0.18
FD002,xgboost,14.37,14.22,23.11,-0.15
FD003,elasticnet,20.38,19.42,28.68,-0.96
FD003,lightgbm,14.0,12.69,21.41,-1.31
FD003,random_forest,15.88,14.54,22.74,-1.34
FD003,ridge,20.39,19.36,28.69,-1.03
FD003,xgboost,14.47,13.39,19.51,-1.08
FD004,elasticnet,21.02,21.08,29.41,0.06
FD004,lightgbm,15.85,16.17,22.71,0.32
FD004,random_forest,17.58,17.85,24.33,0.27
FD004,ridge,21.02,21.11,29.42,0.09
FD004,xgboost,15.99,16.0,22.83,0.01
