subset,plan,best,other,delta_rmse,ci_low,ci_high,significant
FD001,primary,xgboost,lightgbm,0.324,-0.24,0.877,False
FD001,primary,xgboost,random_forest,1.607,0.85,2.288,True
FD001,primary,xgboost,elasticnet,5.841,4.991,6.686,True
FD001,primary,xgboost,ridge,5.979,5.072,6.837,True
FD001,confirm,xgboost,lightgbm,0.47,-0.105,1.013,False
FD001,confirm,xgboost,random_forest,1.456,0.696,2.171,True
FD001,confirm,xgboost,elasticnet,6.062,5.16,7.02,True
FD001,confirm,xgboost,ridge,6.369,5.356,7.472,True
FD002,primary,xgboost,lightgbm,0.148,-0.031,0.331,False
FD002,primary,xgboost,random_forest,1.831,1.437,2.237,True
FD002,primary,xgboost,elasticnet,4.667,4.083,5.285,True
FD002,primary,xgboost,ridge,4.674,4.048,5.306,True
FD002,confirm,xgboost,lightgbm,0.269,0.088,0.453,True
FD002,confirm,xgboost,random_forest,2.14,1.702,2.564,True
FD002,confirm,xgboost,ridge,5.015,4.448,5.583,True
FD002,confirm,xgboost,elasticnet,5.025,4.45,5.599,True
FD003,primary,lightgbm,xgboost,0.473,-0.011,0.995,False
FD003,primary,lightgbm,random_forest,1.878,1.187,2.581,True
FD003,primary,lightgbm,elasticnet,6.378,5.042,7.695,True
FD003,primary,lightgbm,ridge,6.385,5.058,7.691,True
FD003,confirm,lightgbm,xgboost,0.694,0.23,1.203,True
FD003,confirm,lightgbm,random_forest,1.852,1.277,2.46,True
FD003,confirm,lightgbm,ridge,6.666,5.359,7.946,True
FD003,confirm,lightgbm,elasticnet,6.727,5.368,8.039,True
FD004,primary,lightgbm,xgboost,0.145,-0.094,0.395,False
FD004,primary,lightgbm,random_forest,1.733,1.281,2.187,True
FD004,primary,lightgbm,elasticnet,5.174,4.326,6.062,True
FD004,primary,lightgbm,ridge,5.175,4.317,6.082,True
FD004,confirm,xgboost,lightgbm,0.165,-0.123,0.457,False
FD004,confirm,xgboost,random_forest,1.845,1.422,2.292,True
FD004,confirm,xgboost,elasticnet,5.079,4.377,5.796,True
FD004,confirm,xgboost,ridge,5.101,4.415,5.805,True
