model,kind,unit,FD001,FD002,FD003,FD004
lightgbm,group,baseline,28.77,31.5,27.7,30.45
lightgbm,group,current,0.0,0.0,0.0,0.0
lightgbm,group,cycle,5.05,6.17,6.55,7.03
lightgbm,group,delta,0.39,0.62,0.34,0.73
lightgbm,group,mean,5.87,7.04,4.0,4.44
lightgbm,group,minmax,0.43,1.34,2.29,2.24
lightgbm,group,slope,1.38,0.58,3.16,1.58
lightgbm,group,std,0.19,-0.02,0.29,0.17
lightgbm,sensor,BPR,0.95,3.11,0.39,0.59
lightgbm,sensor,NRc,2.13,1.51,1.54,0.86
lightgbm,sensor,NRf,0.32,0.13,0.24,0.12
lightgbm,sensor,Nc,1.62,0.77,2.03,1.32
lightgbm,sensor,Nf,0.6,0.11,0.67,0.14
lightgbm,sensor,P15,0.04,0.06,-0.15,0.61
lightgbm,sensor,P30,0.12,0.15,0.82,0.16
lightgbm,sensor,Ps30,4.42,9.43,6.46,12.38
lightgbm,sensor,T24,0.33,0.79,0.06,0.34
lightgbm,sensor,T30,0.46,0.31,-0.02,0.16
lightgbm,sensor,T50,2.48,3.41,4.08,2.67
lightgbm,sensor,W31,0.11,0.01,0.12,0.1
lightgbm,sensor,W32,0.28,0.19,0.06,-0.04
lightgbm,sensor,cycle,5.18,6.24,6.7,6.83
lightgbm,sensor,epr,0.0,-0.01,0.01,0.01
lightgbm,sensor,farB,0.0,-0.0,0.0,0.0
lightgbm,sensor,htBleed,0.21,0.43,0.82,0.68
lightgbm,sensor,phi,0.61,0.06,1.29,0.26
xgboost,group,baseline,31.27,33.68,,
xgboost,group,current,0.0,0.0,,
xgboost,group,cycle,6.68,7.68,,
xgboost,group,delta,0.21,0.73,,
xgboost,group,mean,6.7,7.09,,
xgboost,group,minmax,0.72,1.53,,
xgboost,group,slope,1.55,0.64,,
xgboost,group,std,0.36,0.05,,
xgboost,sensor,BPR,1.54,4.02,,
xgboost,sensor,NRc,3.1,1.4,,
xgboost,sensor,NRf,0.8,0.26,,
xgboost,sensor,Nc,1.84,0.9,,
xgboost,sensor,Nf,0.98,0.23,,
xgboost,sensor,P15,0.04,0.08,,
xgboost,sensor,P30,0.83,0.2,,
xgboost,sensor,Ps30,4.57,9.02,,
xgboost,sensor,T24,0.98,0.92,,
xgboost,sensor,T30,0.49,0.38,,
xgboost,sensor,T50,3.74,3.66,,
xgboost,sensor,W31,0.34,0.01,,
xgboost,sensor,W32,0.76,0.18,,
xgboost,sensor,cycle,6.72,7.7,,
xgboost,sensor,epr,0.0,-0.01,,
xgboost,sensor,farB,0.0,0.0,,
xgboost,sensor,htBleed,0.51,0.55,,
xgboost,sensor,phi,1.23,0.12,,
