subset,feature_set,mean,std,min,max
FD001,F11_+cycle,15.17,0.1,15.08,15.35
FD001,R1_F11 -expanding,14.17,0.11,14.01,14.29
FD001,R2_F7 +cycle (minimal),14.25,0.05,14.21,14.32
FD002,F11_+cycle,15.77,0.09,15.66,15.88
FD002,R1_F11 -expanding,14.97,0.04,14.92,15.02
FD002,R2_F7 +cycle (minimal),14.75,0.03,14.7,14.78
FD003,F11_+cycle,15.81,0.23,15.54,16.14
FD003,R1_F11 -expanding,14.79,0.21,14.57,15.14
FD003,R2_F7 +cycle (minimal),14.48,0.16,14.34,14.76
FD004,F11_+cycle,17.11,0.08,16.98,17.2
FD004,R1_F11 -expanding,15.93,0.04,15.88,15.97
FD004,R2_F7 +cycle (minimal),15.88,0.05,15.82,15.95
