subset,model,cap,params
FD001,elasticnet,140.0,"{""alpha"": 0.03, ""l1_ratio"": 0.2}"
FD001,lightgbm,140.0,"{""colsample_bytree"": 0.5, ""learning_rate"": 0.05, ""min_child_samples"": 50, ""n_estimators"": 400, ""num_leaves"": 31, ""reg_lambda"": 1.0, ""subsample"": 0.8}"
FD001,random_forest,140.0,"{""max_features"": 0.3, ""max_samples"": 0.3, ""min_samples_leaf"": 5, ""n_estimators"": 200}"
FD001,ridge,140.0,"{""alpha"": 100.0}"
FD001,xgboost,130.0,"{""colsample_bytree"": 0.3, ""learning_rate"": 0.05, ""max_depth"": 3, ""min_child_weight"": 1, ""n_estimators"": 500, ""reg_lambda"": 1.0, ""subsample"": 0.85}"
FD002,elasticnet,130.0,"{""alpha"": 0.03, ""l1_ratio"": 0.2}"
FD002,lightgbm,130.0,"{""colsample_bytree"": 0.5, ""learning_rate"": 0.05, ""min_child_samples"": 50, ""n_estimators"": 400, ""num_leaves"": 31, ""reg_lambda"": 1.0, ""subsample"": 0.8}"
FD002,random_forest,130.0,"{""max_features"": 0.3, ""max_samples"": 0.3, ""min_samples_leaf"": 5, ""n_estimators"": 200}"
FD002,ridge,130.0,"{""alpha"": 0.1}"
FD002,xgboost,130.0,"{""colsample_bytree"": 0.5, ""learning_rate"": 0.05, ""max_depth"": 4, ""min_child_weight"": 10, ""n_estimators"": 500, ""reg_lambda"": 1.0, ""subsample"": 0.7}"
FD003,elasticnet,130.0,"{""alpha"": 0.03, ""l1_ratio"": 0.2}"
FD003,lightgbm,140.0,"{""colsample_bytree"": 0.5, ""learning_rate"": 0.05, ""min_child_samples"": 50, ""n_estimators"": 400, ""num_leaves"": 31, ""reg_lambda"": 1.0, ""subsample"": 0.8}"
FD003,random_forest,140.0,"{""max_features"": 0.3, ""max_samples"": 0.3, ""min_samples_leaf"": 5, ""n_estimators"": 200}"
FD003,ridge,130.0,"{""alpha"": 1000.0}"
FD003,xgboost,150.0,"{""colsample_bytree"": 0.5, ""learning_rate"": 0.05, ""max_depth"": 4, ""min_child_weight"": 10, ""n_estimators"": 500, ""reg_lambda"": 1.0, ""subsample"": 0.7}"
FD004,elasticnet,130.0,"{""alpha"": 0.03, ""l1_ratio"": 0.8}"
FD004,lightgbm,140.0,"{""colsample_bytree"": 0.5, ""learning_rate"": 0.05, ""min_child_samples"": 50, ""n_estimators"": 500, ""num_leaves"": 31, ""reg_lambda"": 10.0, ""subsample"": 0.85}"
FD004,random_forest,140.0,"{""max_features"": 0.3, ""max_samples"": 0.3, ""min_samples_leaf"": 5, ""n_estimators"": 200}"
FD004,ridge,130.0,"{""alpha"": 1000.0}"
FD004,xgboost,140.0,"{""colsample_bytree"": 0.5, ""learning_rate"": 0.05, ""max_depth"": 4, ""min_child_weight"": 10, ""n_estimators"": 500, ""reg_lambda"": 1.0, ""subsample"": 0.7}"
