unit,FD001,FD002,FD003,FD004,mean
cycle_feature,0.0512,0.0682,0.0554,0.0564,0.0578
Ps30_delta_base,0.0163,0.0257,0.0156,0.0173,0.0187
NRc_delta_base,0.0134,0.0172,0.0164,0.0121,0.0148
W32_min30,0.0146,0.0145,0.0104,0.0187,0.0146
T50_delta_base,0.0108,0.0158,0.0152,0.0116,0.0134
T24_max30,0.0114,0.015,0.0112,0.014,0.0129
T24_min30,0.0112,0.0144,0.01,0.0157,0.0128
T30_min30,0.0116,0.013,0.0118,0.0146,0.0128
T30_max30,0.0143,0.0105,0.0099,0.016,0.0127
BPR_delta_base,0.0107,0.0193,0.0078,0.0128,0.0126
W32_max30,0.0132,0.0136,0.0087,0.0148,0.0126
T50_max30,0.0096,0.0135,0.0124,0.0143,0.0124
Nc_delta_base,0.0134,0.0124,0.0124,0.0115,0.0124
T50_min30,0.0095,0.0139,0.011,0.0152,0.0124
BPR_max30,0.012,0.0131,0.011,0.0117,0.012
P30_min30,0.0129,0.0152,0.0082,0.011,0.0118
BPR_min30,0.0088,0.0144,0.0104,0.0132,0.0117
Nc_min30,0.0116,0.0116,0.0092,0.0129,0.0113
Ps30_momentum,0.0105,0.0133,0.0103,0.0091,0.0108
W31_min30,0.0064,0.0141,0.0073,0.0149,0.0107
