subset,unit_id,rmse,bias,lifespan,lifespan percentile
FD004,65,41.8,-41.5,351.0,0.9
FD004,185,41.6,-24.0,259.0,0.6
FD004,114,41.5,38.2,161.0,0.1
FD003,6,36.6,-31.8,278.0,0.8
FD004,184,35.9,-19.4,379.0,1.0
FD004,71,35.7,27.5,312.0,0.8
FD002,252,34.5,24.2,135.0,0.0
FD003,86,33.7,-32.9,341.0,0.9
FD002,1,30.8,24.3,149.0,0.1
FD002,112,29.2,-26.6,378.0,1.0
FD002,120,28.7,23.4,129.0,0.0
FD003,42,28.5,25.4,193.0,0.3
FD003,67,28.1,-24.3,263.0,0.7
FD002,55,27.0,21.6,159.0,0.1
FD001,69,26.7,-24.7,362.0,1.0
FD001,70,26.5,20.7,137.0,0.0
FD003,50,26.2,19.6,161.0,0.1
FD001,77,24.2,18.5,154.0,0.1
FD001,92,23.9,-20.6,341.0,1.0
FD001,22,21.6,-13.9,202.0,0.6
