stage,subset,feature_set,model,config_id,params,n_features,fold_rmse,runtime_s,cap,n,rmse,mae,bias,phm08_score,phm08_score_per_sample,rmse_fold_std,rmse_vs_capped_truth
ablation,FD001,F1_current,lightgbm,4a99713abe,"{""colsample_bytree"": 0.5, ""learning_rate"": 0.05, ""min_child_samples"": 50, ""n_estimators"": 400, ""num_leaves"": 31, ""reg_lambda"": 1.0, ""subsample"": 0.8}",17,"[25.096, 22.302, 21.473, 25.825, 22.022]",2.9,125.0,1000.0,23.410019548937132,17.93098400581539,0.9447912259246585,26662.724488600805,26.662724488600805,1.9722381002841929,21.071825509877055
ablation,FD001,F1_current,ridge,f087f4a129,"{""alpha"": 10.0}",17,"[25.324, 22.828, 23.531, 27.339, 22.828]",0.0,125.0,1000.0,24.432132032464185,19.9106801071167,2.584910842895508,14284.888539936648,14.284888539936649,1.9485949653970864,21.866950022684573
ablation,FD001,F2_+mean,lightgbm,4a99713abe,"{""colsample_bytree"": 0.5, ""learning_rate"": 0.05, ""min_child_samples"": 50, ""n_estimators"": 400, ""num_leaves"": 31, ""reg_lambda"": 1.0, ""subsample"": 0.8}",85,"[17.963, 19.24, 19.651, 21.07, 18.209]",8.4,125.0,1000.0,19.259042989855907,15.017869640926751,-0.8915868993134867,6551.761620673336,6.551761620673337,1.245942385589524,16.590380428688235
ablation,FD001,F2_+mean,ridge,f087f4a129,"{""alpha"": 10.0}",85,"[18.932, 19.357, 19.515, 21.283, 17.721]",0.1,125.0,1000.0,19.395717187554116,16.089140071868897,2.078409854888916,6040.995718244955,6.040995718244956,1.2838061599094674,16.551125256093542
ablation,FD001,F3_+std,lightgbm,4a99713abe,"{""colsample_bytree"": 0.5, ""learning_rate"": 0.05, ""min_child_samples"": 50, ""n_estimators"": 400, ""num_leaves"": 31, ""reg_lambda"": 1.0, ""subsample"": 0.8}",119,"[18.391, 18.931, 18.959, 22.715, 18.217]",12.2,125.0,1000.0,19.51371932644782,15.209145340006799,-0.1447481222790784,7790.578451879817,7.790578451879817,1.858341078088987,16.97688252455937
ablation,FD001,F3_+std,ridge,f087f4a129,"{""alpha"": 10.0}",119,"[18.812, 19.333, 19.489, 20.724, 17.572]",0.2,125.0,1000.0,19.21333214120142,15.866681140899658,1.8296565055847167,5974.2051661737205,5.9742051661737205,1.1429656450888075,16.422167090713273
ablation,FD001,F4_+minmax,lightgbm,4a99713abe,"{""colsample_bytree"": 0.5, ""learning_rate"": 0.05, ""min_child_samples"": 50, ""n_estimators"": 400, ""num_leaves"": 31, ""reg_lambda"": 1.0, ""subsample"": 0.8}",187,"[20.265, 19.695, 20.964, 24.456, 18.479]",18.0,125.0,1000.0,20.869108107345358,16.23410671910562,-0.12872974613753105,10319.001342343183,10.319001342343183,2.2516310529836345,18.334130122367057
ablation,FD001,F4_+minmax,ridge,f087f4a129,"{""alpha"": 10.0}",187,"[18.378, 19.195, 19.587, 21.311, 17.468]",0.2,125.0,1000.0,19.230821944733993,15.724921611785888,1.6441019706726074,5946.035484416023,5.946035484416023,1.4388952167867883,16.45511047212382
ablation,FD001,F5_+slope,lightgbm,4a99713abe,"{""colsample_bytree"": 0.5, ""learning_rate"": 0.05, ""min_child_samples"": 50, ""n_estimators"": 400, ""num_leaves"": 31, ""reg_lambda"": 1.0, ""subsample"": 0.8}",238,"[17.368, 16.918, 18.214, 19.936, 15.909]",23.8,125.0,1000.0,17.72088999502836,13.775050667481349,-0.28345945881170487,5302.942674621627,5.302942674621627,1.5157689560768377,15.018344825558627
ablation,FD001,F5_+slope,ridge,f087f4a129,"{""alpha"": 10.0}",238,"[18.322, 19.189, 19.537, 21.315, 17.426]",0.5,125.0,1000.0,19.20208475791874,15.70399200439453,1.6341044311523438,5913.794413305361,5.913794413305361,1.4574345455598905,16.431287574731556
ablation,FD001,F6_+delta,lightgbm,4a99713abe,"{""colsample_bytree"": 0.5, ""learning_rate"": 0.05, ""min_child_samples"": 50, ""n_estimators"": 400, ""num_leaves"": 31, ""reg_lambda"": 1.0, ""subsample"": 0.8}",272,"[16.529, 16.957, 17.903, 19.742, 15.772]",28.9,125.0,1000.0,17.434386528830977,13.542939678335966,-0.5096510617302634,5049.911939925032,5.049911939925032,1.5282577030172624,14.751342293757567
ablation,FD001,F6_+delta,ridge,f087f4a129,"{""alpha"": 10.0}",272,"[18.443, 19.212, 19.344, 21.389, 17.389]",0.6,125.0,1000.0,19.200423867220902,15.684248317718506,1.6717127647399903,5905.100458141091,5.90510045814109,1.4709643648234674,16.42912708360258
ablation,FD001,F7_+baseline,lightgbm,4a99713abe,"{""colsample_bytree"": 0.5, ""learning_rate"": 0.05, ""min_child_samples"": 50, ""n_estimators"": 400, ""num_leaves"": 31, ""reg_lambda"": 1.0, ""subsample"": 0.8}",289,"[15.138, 16.41, 16.359, 18.014, 15.688]",40.4,125.0,1000.0,16.350394361141692,12.246697671061666,-1.7416343939714867,4378.238168874553,4.378238168874553,1.0810165403686343,13.666015434236533
ablation,FD001,F7_+baseline,ridge,f087f4a129,"{""alpha"": 10.0}",289,"[18.137, 19.121, 19.212, 21.07, 16.958]",0.4,125.0,1000.0,18.94800048771118,15.604031639099121,0.909742691040039,5582.106925576814,5.582106925576815,1.5172239529508127,16.133900960935907
ablation,FD001,F8_+expanding,lightgbm,4a99713abe,"{""colsample_bytree"": 0.5, ""learning_rate"": 0.05, ""min_child_samples"": 50, ""n_estimators"": 400, ""num_leaves"": 31, ""reg_lambda"": 1.0, ""subsample"": 0.8}",323,"[15.236, 16.264, 17.979, 19.071, 15.736]",50.6,125.0,1000.0,16.918556546183463,12.647775730690016,-3.3509669526977723,4571.003372017636,4.571003372017636,1.6119244451563035,14.06652352587031
ablation,FD001,F8_+expanding,ridge,f087f4a129,"{""alpha"": 10.0}",323,"[18.951, 20.238, 21.598, 20.747, 17.66]",0.7,125.0,1000.0,19.887238163222538,15.733004039764404,-1.1097104606628418,6800.322510904435,6.800322510904435,1.5505687835482393,17.12749949772793
ablation,FD001,F9_+derived,lightgbm,4a99713abe,"{""colsample_bytree"": 0.5, ""learning_rate"": 0.05, ""min_child_samples"": 50, ""n_estimators"": 400, ""num_leaves"": 31, ""reg_lambda"": 1.0, ""subsample"": 0.8}",399,"[15.306, 16.13, 17.687, 19.687, 16.063]",71.0,125.0,1000.0,17.046395869090862,12.589411586583706,-3.592901697896301,4709.940658413609,4.7099406584136085,1.745975259990454,14.147992810527533
ablation,FD001,F9_+derived,ridge,f087f4a129,"{""alpha"": 10.0}",399,"[18.702, 20.562, 21.553, 20.533, 17.483]",0.8,125.0,1000.0,19.82066340539187,15.754682975769043,-1.4805267333984375,6660.201459518658,6.6602014595186585,1.6400369256945955,17.05673686124536
ablation,FD001,F10_+health_index (FULL),lightgbm,4a99713abe,"{""colsample_bytree"": 0.5, ""learning_rate"": 0.05, ""min_child_samples"": 50, ""n_estimators"": 400, ""num_leaves"": 31, ""reg_lambda"": 1.0, ""subsample"": 0.8}",404,"[15.172, 15.788, 17.429, 18.918, 15.724]",78.4,125.0,1000.0,16.66334393742041,12.303417684521959,-3.148028023006018,4355.874901487416,4.355874901487415,1.5432834212632611,13.825181716390501
ablation,FD001,F10_+health_index (FULL),ridge,f087f4a129,"{""alpha"": 10.0}",404,"[18.659, 20.664, 21.864, 20.55, 17.523]",1.0,125.0,1000.0,19.912633810911025,15.801622867584229,-1.6430821266174316,6741.175229181741,6.741175229181741,1.7349941933362145,17.16368329610232
ablation,FD001,F11_+cycle,lightgbm,4a99713abe,"{""colsample_bytree"": 0.5, ""learning_rate"": 0.05, ""min_child_samples"": 50, ""n_estimators"": 400, ""num_leaves"": 31, ""reg_lambda"": 1.0, ""subsample"": 0.8}",405,"[14.187, 14.815, 16.082, 17.134, 14.331]",121.5,125.0,1000.0,15.351392722257444,11.14685404512072,-2.9042477317599857,3454.4704662734503,3.4544704662734502,1.2636606705368338,12.274594697201149
ablation,FD001,F11_+cycle,ridge,f087f4a129,"{""alpha"": 10.0}",405,"[18.66, 20.542, 21.766, 20.555, 17.526]",0.8,125.0,1000.0,19.867473734109915,15.777155235290527,-1.639269989013672,6689.213516413136,6.689213516413136,1.692137520871346,17.10879598101245
ablation,FD001,LOGO_-current,lightgbm,4a99713abe,"{""colsample_bytree"": 0.5, ""learning_rate"": 0.05, ""min_child_samples"": 50, ""n_estimators"": 400, ""num_leaves"": 31, ""reg_lambda"": 1.0, ""subsample"": 0.8}",383,"[14.877, 15.704, 16.899, 18.792, 15.58]",104.9,125.0,1000.0,16.428008843044303,12.167874512600953,-3.171598304811242,4107.466330876647,4.107466330876647,1.5363752461518023,13.568331833807548
ablation,FD001,LOGO_-current,ridge,f087f4a129,"{""alpha"": 10.0}",383,"[18.658, 20.677, 21.836, 20.561, 17.442]",0.9,125.0,1000.0,19.8970902602879,15.78620658493042,-1.6339792366027832,6739.463312761896,6.739463312761896,1.757354215013203,17.148948713432723
ablation,FD001,LOGO_-mean,lightgbm,4a99713abe,"{""colsample_bytree"": 0.5, ""learning_rate"": 0.05, ""min_child_samples"": 50, ""n_estimators"": 400, ""num_leaves"": 31, ""reg_lambda"": 1.0, ""subsample"": 0.8}",320,"[15.386, 15.772, 17.389, 18.602, 15.76]",86.8,125.0,1000.0,16.626574916443438,12.418547594664652,-3.130865346521804,4205.440863139806,4.205440863139806,1.3687585377043763,13.747054047015373
ablation,FD001,LOGO_-mean,ridge,f087f4a129,"{""alpha"": 10.0}",320,"[18.819, 20.933, 20.968, 20.808, 16.682]",0.7,125.0,1000.0,19.71432229629196,15.823111259460449,-1.1135630569458008,6542.245105123314,6.542245105123314,1.8855929531957643,16.871420059840688
ablation,FD001,LOGO_-std,lightgbm,4a99713abe,"{""colsample_bytree"": 0.5, ""learning_rate"": 0.05, ""min_child_samples"": 50, ""n_estimators"": 400, ""num_leaves"": 31, ""reg_lambda"": 1.0, ""subsample"": 0.8}",362,"[15.667, 15.498, 18.327, 19.001, 15.536]",96.3,125.0,1000.0,16.875621976878076,12.539948333571479,-3.3305375523448495,4499.826122123524,4.499826122123524,1.7139925497118003,14.030061992297815
ablation,FD001,LOGO_-std,ridge,f087f4a129,"{""alpha"": 10.0}",362,"[19.174, 20.645, 22.057, 20.911, 17.518]",0.7,125.0,1000.0,20.122179463326937,16.02276915359497,-1.3512110023498536,6948.709905685068,6.948709905685068,1.753713454230324,17.36415284125948
ablation,FD001,LOGO_-minmax,lightgbm,4a99713abe,"{""colsample_bytree"": 0.5, ""learning_rate"": 0.05, ""min_child_samples"": 50, ""n_estimators"": 400, ""num_leaves"": 31, ""reg_lambda"": 1.0, ""subsample"": 0.8}",320,"[14.717, 15.435, 17.559, 19.211, 15.464]",96.2,125.0,1000.0,16.561146705496835,12.217677552645261,-3.432871860542625,4234.310889681842,4.234310889681842,1.8611072815058067,13.693568740922078
ablation,FD001,LOGO_-minmax,ridge,f087f4a129,"{""alpha"": 10.0}",320,"[19.029, 21.048, 22.982, 20.026, 17.36]",0.7,125.0,1000.0,20.177849903840013,16.06436577987671,-1.7042320747375488,6979.210591298337,6.979210591298337,2.11350406446352,17.372918215584637
ablation,FD001,LOGO_-slope,lightgbm,4a99713abe,"{""colsample_bytree"": 0.5, ""learning_rate"": 0.05, ""min_child_samples"": 50, ""n_estimators"": 400, ""num_leaves"": 31, ""reg_lambda"": 1.0, ""subsample"": 0.8}",341,"[15.029, 15.622, 18.212, 18.914, 16.39]",97.1,125.0,1000.0,16.89948486326705,12.503438096851587,-3.3094202557090857,4577.923566823691,4.57792356682369,1.6694283331826154,14.132032063818752
ablation,FD001,LOGO_-slope,ridge,f087f4a129,"{""alpha"": 10.0}",341,"[18.709, 20.551, 21.728, 20.662, 17.433]",0.7,125.0,1000.0,19.87606662103635,15.790569541931152,-1.5364593276977538,6730.17796786465,6.73017796786465,1.7187606080950868,17.118721028482938
ablation,FD001,LOGO_-delta,lightgbm,4a99713abe,"{""colsample_bytree"": 0.5, ""learning_rate"": 0.05, ""min_child_samples"": 50, ""n_estimators"": 400, ""num_leaves"": 31, ""reg_lambda"": 1.0, ""subsample"": 0.8}",362,"[15.23, 15.775, 17.828, 18.967, 15.532]",97.5,125.0,1000.0,16.73098914646596,12.398437363736193,-3.214560323040099,4468.025808890764,4.468025808890764,1.6420464789564382,13.885785282547754
ablation,FD001,LOGO_-delta,ridge,f087f4a129,"{""alpha"": 10.0}",362,"[18.501, 20.543, 21.853, 20.488, 17.539]",0.7,125.0,1000.0,19.84561037819118,15.768375045776367,-1.6284794387817383,6673.57450554961,6.67357450554961,1.7349616894361801,17.096160781640133
ablation,FD001,LOGO_-baseline,lightgbm,4a99713abe,"{""colsample_bytree"": 0.5, ""learning_rate"": 0.05, ""min_child_samples"": 50, ""n_estimators"": 400, ""num_leaves"": 31, ""reg_lambda"": 1.0, ""subsample"": 0.8}",383,"[16.343, 16.435, 18.249, 20.279, 15.428]",92.0,125.0,1000.0,17.432653020185526,13.17362028315262,-3.054179996180872,5386.928735983807,5.386928735983807,1.9321876136212401,14.479604405264457
ablation,FD001,LOGO_-baseline,ridge,f087f4a129,"{""alpha"": 10.0}",383,"[16.924, 21.115, 19.949, 20.603, 16.964]",0.7,125.0,1000.0,19.196237147916587,15.41925961303711,-0.3741588592529297,6017.661000677153,6.017661000677154,2.020736526636291,16.414384635850578
ablation,FD001,LOGO_-expanding,lightgbm,4a99713abe,"{""colsample_bytree"": 0.5, ""learning_rate"": 0.05, ""min_child_samples"": 50, ""n_estimators"": 400, ""num_leaves"": 31, ""reg_lambda"": 1.0, ""subsample"": 0.8}",362,"[14.318, 15.984, 15.981, 17.908, 15.549]",91.4,125.0,1000.0,15.989726115356975,11.850444656943255,-1.8624636683883313,4214.1414359117625,4.214141435911762,1.2903817810455933,13.30978911936111
ablation,FD001,LOGO_-expanding,ridge,f087f4a129,"{""alpha"": 10.0}",362,"[18.196, 19.476, 19.479, 20.749, 16.794]",0.7,125.0,1000.0,18.986160618263877,15.594326629638672,0.6529850311279297,5611.640799480747,5.611640799480747,1.50048288587586,16.219280825754634
ablation,FD001,LOGO_-derived,lightgbm,4a99713abe,"{""colsample_bytree"": 0.5, ""learning_rate"": 0.05, ""min_child_samples"": 50, ""n_estimators"": 400, ""num_leaves"": 31, ""reg_lambda"": 1.0, ""subsample"": 0.8}",328,"[15.274, 15.92, 17.553, 18.536, 15.171]",65.1,125.0,1000.0,16.544454378269272,12.313328901310902,-3.2260856264314954,4162.049606525321,4.162049606525321,1.4880316279855037,13.645252267495733
ablation,FD001,LOGO_-derived,ridge,f087f4a129,"{""alpha"": 10.0}",328,"[18.868, 20.515, 22.27, 20.778, 17.662]",0.5,125.0,1000.0,20.08234106564104,15.853777896881104,-1.3230545768737794,7007.784573893306,7.007784573893305,1.7865663444794584,17.358888485102007
ablation,FD001,LOGO_-health_index,lightgbm,4a99713abe,"{""colsample_bytree"": 0.5, ""learning_rate"": 0.05, ""min_child_samples"": 50, ""n_estimators"": 400, ""num_leaves"": 31, ""reg_lambda"": 1.0, ""subsample"": 0.8}",399,"[15.306, 16.13, 17.687, 19.687, 16.063]",102.6,125.0,1000.0,17.046395869090862,12.589411586583706,-3.592901697896301,4709.940658413609,4.7099406584136085,1.745975259990454,14.147992810527533
ablation,FD001,LOGO_-health_index,ridge,f087f4a129,"{""alpha"": 10.0}",399,"[18.702, 20.562, 21.553, 20.533, 17.483]",0.7,125.0,1000.0,19.82066340539187,15.754682975769043,-1.4805267333984375,6660.201459518658,6.6602014595186585,1.6400369256945955,17.05673686124536
ablation,FD001,S_core5_only,lightgbm,4a99713abe,"{""colsample_bytree"": 0.5, ""learning_rate"": 0.05, ""min_child_samples"": 50, ""n_estimators"": 400, ""num_leaves"": 31, ""reg_lambda"": 1.0, ""subsample"": 0.8}",95,"[17.068, 16.69, 19.256, 21.029, 17.695]",19.9,125.0,1000.0,18.417280379483213,14.181023829265442,-3.517200736439623,5825.527230442225,5.825527230442225,1.7909089338272823,15.637517982088287
ablation,FD001,S_core5_only,ridge,f087f4a129,"{""alpha"": 10.0}",95,"[19.151, 20.7, 21.284, 21.965, 19.681]",0.1,125.0,1000.0,20.581629605456694,16.83984770202637,1.2788316650390625,7461.401131908426,7.461401131908426,1.1483431202644327,17.85045407007445
ablation,FD001,S_-fault_mode_sensors,lightgbm,4a99713abe,"{""colsample_bytree"": 0.5, ""learning_rate"": 0.05, ""min_child_samples"": 50, ""n_estimators"": 400, ""num_leaves"": 31, ""reg_lambda"": 1.0, ""subsample"": 0.8}",266,"[14.821, 14.946, 17.413, 19.97, 17.51]",101.3,125.0,1000.0,17.039224521993724,12.68555353430243,-3.5952233065844554,4750.438588869224,4.750438588869224,2.1326641996975657,14.202846575514252
ablation,FD001,S_-fault_mode_sensors,ridge,f087f4a129,"{""alpha"": 10.0}",266,"[18.108, 19.266, 21.37, 21.599, 19.135]",0.6,125.0,1000.0,19.941931328730757,16.103279277801512,-0.21910154342651367,6764.463428978486,6.764463428978487,1.5201782088264135,17.06707739915275
ablation,FD001,S_-weak_sensors,lightgbm,4a99713abe,"{""colsample_bytree"": 0.5, ""learning_rate"": 0.05, ""min_child_samples"": 50, ""n_estimators"": 400, ""num_leaves"": 31, ""reg_lambda"": 1.0, ""subsample"": 0.8}",342,"[15.432, 15.88, 18.0, 19.156, 16.6]",135.2,125.0,1000.0,17.06928552482675,12.841404054556635,-3.256671983502303,4651.999652584106,4.651999652584106,1.5427055499699829,14.267558775970612
ablation,FD001,S_-weak_sensors,ridge,f087f4a129,"{""alpha"": 10.0}",342,"[18.643, 21.38, 21.969, 20.6, 17.776]",0.7,125.0,1000.0,20.13780030742644,16.106972995758056,-1.6521156044006349,6969.560599572063,6.9695605995720635,1.7962125357188097,17.38775608340741
ablation,FD001,S_-corrected_speeds,lightgbm,4a99713abe,"{""colsample_bytree"": 0.5, ""learning_rate"": 0.05, ""min_child_samples"": 50, ""n_estimators"": 400, ""num_leaves"": 31, ""reg_lambda"": 1.0, ""subsample"": 0.8}",361,"[15.403, 16.248, 18.111, 19.435, 15.797]",106.9,125.0,1000.0,17.067672411560643,12.749385753675613,-3.2048420596148706,4904.729050526272,4.904729050526272,1.712137241297365,14.278894886606984
ablation,FD001,S_-corrected_speeds,ridge,f087f4a129,"{""alpha"": 10.0}",361,"[17.908, 20.395, 20.624, 20.417, 17.716]",0.9,125.0,1000.0,19.456086570690083,15.603718830108642,-1.1066664390563965,6172.852907199051,6.172852907199051,1.4650144883753153,16.738161160547048
ablation,FD001,RAW_FULL (no condition normalisation),lightgbm,4a99713abe,"{""colsample_bytree"": 0.5, ""learning_rate"": 0.05, ""min_child_samples"": 50, ""n_estimators"": 400, ""num_leaves"": 31, ""reg_lambda"": 1.0, ""subsample"": 0.8}",410,"[15.035, 15.628, 16.924, 18.37, 15.391]",105.0,125.0,1000.0,16.31594212264743,12.13692625236554,-3.2260422619340825,3950.6618005316113,3.9506618005316114,1.37367182040508,13.424169336901343
ablation,FD001,RAW_FULL (no condition normalisation),ridge,f087f4a129,"{""alpha"": 10.0}",410,"[18.738, 20.581, 22.218, 20.476, 17.418]",0.8,125.0,1000.0,19.954919121281446,15.85906156539917,-1.6445832176208497,6707.968381765267,6.707968381765267,1.849209299838826,17.223617578921274
