subset,feature,nunique,std,top_value_freq,max_nunique_within_condition,mean_std_within_condition,eta2_condition,category
FD001,op_setting_1,158,0.002187313449015146,0.020018418884203384,158,0.002187313449015146,0.0,condition centre + noise
FD001,op_setting_2,13,0.00029306212456614496,0.10198245358925888,13,0.000293062124566145,0.0,condition centre + noise
FD001,op_setting_3,1,0.0,1.0,1,0.0,,constant
FD001,T2,1,0.0,1.0,1,0.0,,constant
FD001,T24,310,0.5000532700606232,0.009209442101691629,310,0.5000532700605593,0.0,varies within condition
FD001,T30,3012,6.131149519690819,0.0013087101933982842,3012,6.131149519690708,0.0,varies within condition
FD001,T50,4051,9.000604780543714,0.0009694149580728031,4051,9.000604780543714,0.0,varies within condition
FD001,P2,1,5.329199674912836e-15,1.0,1,0.0,0.0,constant
FD001,P15,2,0.0013889849127073114,0.9803208763511221,2,0.0013889849127084167,0.0,near-constant / quantised
FD001,P30,513,0.8850922576634073,0.005622606756822258,513,0.8850922576633918,0.0,varies within condition
FD001,Nf,53,0.07098547889092417,0.05724395327419902,53,0.07098547889055706,0.0,varies within condition
FD001,Nc,6403,22.082879525066232,0.0007755319664582424,6403,22.082879525067685,0.0,varies within condition
FD001,epr,1,0.0,1.0,1,0.0,,constant
FD001,Ps30,159,0.2670873986396848,0.01652852503514129,159,0.2670873986396923,0.0,varies within condition
FD001,phi,427,0.7375533922097114,0.006931316950220542,427,0.7375533922096189,0.0,varies within condition
FD001,NRf,56,0.07191891569857814,0.05641995055983714,56,0.07191891569757358,0.0,varies within condition
FD001,NRc,6078,19.076175975953106,0.0008240027143618826,6078,19.076175975950633,0.0,varies within condition
FD001,BPR,1918,0.03750503795196652,0.0018418884203383259,1918,0.0375050379519659,0.0,varies within condition
FD001,farB,1,3.469531038354711e-18,1.0,1,0.0,0.0,constant
FD001,htBleed,13,1.548763024614299,0.2639232223353206,13,1.5487630246142876,0.0,varies within condition
FD001,Nf_dmd,1,0.0,1.0,1,0.0,,constant
FD001,PCNfR_dmd,1,0.0,1.0,1,0.0,,constant
FD001,W31,120,0.18074642787366083,0.023508312733265473,120,0.1807464278736582,0.0,varies within condition
FD001,W32,4745,0.10825087474491234,0.0011148272017837235,4745,0.10825087474491285,0.0,varies within condition
FD002,op_setting_1,536,14.747376085012888,0.005766476310943284,101,0.002553423959062403,0.9999999667877834,condition centre + noise
FD002,op_setting_2,105,0.310015983617551,0.20658866422366487,21,0.0006466668886813362,0.9999956616748316,condition centre + noise
FD002,op_setting_3,2,14.237734626001536,0.8511505050317156,1,0.0,1.0,condition centre + noise
FD002,T2,6,26.38970731075918,0.2503394780408862,1,0.0,1.0,condition-determined
FD002,T24,1590,37.289399020462405,0.0027158243270894175,288,0.4439962919719848,0.9998576349941232,varies within condition
FD002,T30,12305,105.9463406139554,0.00040923380271210404,2596,5.687574862604539,0.9971192022751282,varies within condition
FD002,T50,15411,119.12342758532441,0.0004464368756859317,3280,7.839283110315525,0.9956600154751742,varies within condition
FD002,P2,6,3.61383881855097,0.2503394780408862,1,0.0,1.0,condition-determined
FD002,P15,14,5.431801597465489,0.1471009505385145,3,0.0035878108783077146,0.9999994552918011,near-constant / quantised
FD002,P30,2067,146.0053061400599,0.0027158243270894175,464,0.5847895104403882,0.9999836694015211,varies within condition
FD002,Nf,897,145.20981606834985,0.008538105247493443,257,0.18877649842509758,0.9999976827019617,varies within condition
FD002,Nc,22434,335.8120126761641,0.00024181997432987966,4890,17.296188831528976,0.9973033597422822,varies within condition
FD002,epr,9,0.12746884775626657,0.387879238825127,2,0.0014578399195324353,0.9997580943802422,near-constant / quantised
FD002,Ps30,681,3.2323720587863733,0.007049982328540337,151,0.23859726054913036,0.9945233548202469,varies within condition
FD002,phi,1672,137.6595069498954,0.0032366673487230044,399,0.47119296637932023,0.9999879187322224,varies within condition
FD002,NRf,514,128.06827104323716,0.029799661452035938,275,0.19970877194278147,0.9999966003422801,varies within condition
FD002,NRc,14905,84.83794969298572,0.0003162261202775349,4775,15.440292041881554,0.9662320631547607,varies within condition
FD002,BPR,8464,0.7493354922324891,0.000613850704068156,1869,0.03882817465948176,0.9973270163843742,varies within condition
FD002,farB,2,0.004711473795965339,0.667404527613981,2,0.0006838573607819234,0.8854259143748312,near-constant / quantised
FD002,htBleed,53,27.754515422961234,0.07490838743280195,12,1.4304153790698335,0.9973448839542615,varies within condition
FD002,Nf_dmd,6,145.32798014258134,0.2503394780408862,1,0.0,1.0,condition-determined
FD002,PCNfR_dmd,2,5.364066520346077,0.8511505050317156,1,0.0,1.0,condition-determined
FD002,W31,510,9.869331200699564,0.009579791290760618,110,0.13163214636483278,0.9998224460246982,varies within condition
FD002,W32,17837,5.921615208351726,0.00033482765676444876,3562,0.0781399972029432,0.9998260267312894,varies within condition
FD003,op_setting_1,160,0.002193544584526439,0.018972491909385113,160,0.0021935445845264355,0.0,condition centre + noise
FD003,op_setting_2,14,0.0002940428870590445,0.10238673139158576,14,0.00029404288705904455,0.0,condition centre + noise
FD003,op_setting_3,1,0.0,1.0,1,0.0,,constant
FD003,T2,1,0.0,1.0,1,0.0,,constant
FD003,T24,334,0.5230311380083125,0.009142394822006473,334,0.5230311380082615,0.0,varies within condition
FD003,T30,3358,6.810418054769426,0.001092233009708738,3358,6.810418054769547,0.0,varies within condition
FD003,T50,4383,9.773178327387521,0.001051779935275081,4383,9.77317832738769,0.0,varies within condition
FD003,P2,1,3.55278554007621e-15,1.0,1,0.0,0.0,constant
FD003,P15,17,0.018116000048510276,0.4929611650485437,17,0.018116000048508295,0.0,varies within condition
FD003,P30,1854,3.4373428742748646,0.0035598705501618125,1854,3.4373428742750245,0.0,varies within condition
FD003,Nf,161,0.1582849283520036,0.04174757281553398,161,0.15828492835195598,0.0,varies within condition
FD003,Nc,7114,19.980294309113177,0.0007281553398058253,7114,19.980294309108753,0.0,varies within condition
FD003,epr,4,0.0034848490401647348,0.8824433656957928,4,0.0034848490401647365,0.0,varies within condition
FD003,Ps30,170,0.30007416142325294,0.01610032362459547,170,0.3000741614232514,0.0,varies within condition
FD003,phi,1772,3.2553139774429254,0.003762135922330097,1772,3.2553139774430346,0.0,varies within condition
FD003,NRf,163,0.15812066988897278,0.043689320388349516,163,0.15812066988878382,0.0,varies within condition
FD003,NRc,6320,16.504117682690822,0.0008090614886731392,6320,16.50411768269238,0.0,varies within condition
FD003,BPR,3122,0.06051161367848584,0.0012540453074433658,3122,0.060511613678482665,0.0,varies within condition
FD003,farB,1,6.939034257961348e-18,1.0,1,0.0,0.0,constant
FD003,htBleed,12,1.7614585070963216,0.23681229773462784,12,1.761458507096281,0.0,varies within condition
FD003,Nf_dmd,1,0.0,1.0,1,0.0,,constant
FD003,PCNfR_dmd,1,0.0,1.0,1,0.0,,constant
FD003,W31,165,0.24886469460327212,0.018527508090614885,165,0.24886469460328106,0.0,varies within condition
FD003,W32,6440,0.14923378801551612,0.0007281553398058253,6440,0.14923378801551854,0.0,varies within condition
FD004,op_setting_1,536,14.780721652272517,0.005534784241375369,101,0.0025572749684533006,0.9999999669058474,condition centre + noise
FD004,op_setting_2,105,0.310703444053627,0.2042645594213783,21,0.0006465805350593887,0.9999956752348843,condition centre + noise
FD004,op_setting_3,2,14.251953918801046,0.8507894006432758,1,0.0,1.0,condition centre + noise
FD004,T2,6,26.436831642865926,0.25135104246599943,1,0.0,1.0,condition-determined
FD004,T24,1704,37.342646701765034,0.002644941141896194,308,0.47925266177199166,0.9998349344265468,varies within condition
FD004,T30,13558,106.16759773766968,0.00035918953778837204,3032,6.456879324952289,0.9962775671698574,varies within condition
FD004,T50,17353,119.32759068781478,0.00035918953778837204,3844,8.860799497928644,0.9944317683521428,varies within condition
FD004,P2,6,3.622872117376346,0.25135104246599943,1,0.0,1.0,condition-determined
FD004,P15,46,5.444016543155823,0.09366683537690411,12,0.014807483907760129,0.9999924908290885,varies within condition
FD004,P30,5926,146.880209523219,0.0019102352691472513,1533,1.9025184034917242,0.9998124268240984,varies within condition
FD004,Nf,1038,145.3482428873803,0.007787882251138794,237,0.20672784950014275,0.9999978567603647,varies within condition
FD004,Nc,25297,336.92754654344185,0.00021224836323858348,5765,17.600678812609164,0.9972081872405059,varies within condition
FD004,epr,21,0.12768052859258314,0.2951558392790086,6,0.004653756081948676,0.9982940813842778,varies within condition
FD004,Ps30,737,3.24349153498898,0.005763359401786151,164,0.27942400422929686,0.992502693491674,varies within condition
FD004,phi,5627,138.4791091630693,0.002220444415419027,1460,1.7840172656494009,0.9998134105357067,varies within condition
FD004,NRf,483,128.19785924922147,0.026286143447239955,255,0.21696300863457652,0.9999969201602986,varies within condition
FD004,NRc,15938,85.67054344902144,0.00029388234909957713,5441,15.285537333920296,0.9671504490641415,varies within condition
FD004,BPR,11915,0.7503736864794557,0.0004734771179937632,3266,0.06707612539844386,0.9918494939558313,varies within condition
FD004,farB,2,0.0046847056133810985,0.6747538735326291,2,0.000647176682910883,0.9083781485359594,near-constant / quantised
FD004,htBleed,54,27.808283453502003,0.06373981616026383,13,1.6292896755029374,0.996543153033498,varies within condition
FD004,Nf_dmd,6,145.47249119146952,0.25135104246599943,1,0.0,1.0,condition-determined
FD004,PCNfR_dmd,2,5.369423638908291,0.8507894006432758,1,0.0,1.0,condition-determined
FD004,W31,652,9.93639614293778,0.008718509689954121,159,0.16692416030912202,0.9997115744485974,varies within condition
FD004,W32,21574,5.962697250948247,0.00029388234909957713,4684,0.09998122409703968,0.9997124041787857,varies within condition
