subset,sensor,frac_units_with_variation,pooled_spearman_vs_RUL,median_unit_rho,median_abs_unit_rho,frac_units_increasing,direction_consistency
FD001,T24,1.0,-0.6285880946546006,0.6713206873426368,0.6713206873426368,1.0,1.0
FD001,T30,1.0,-0.605608784737752,0.6367694069285251,0.6367694069285251,1.0,1.0
FD001,T50,1.0,-0.7017713035513337,0.7839581797904007,0.7839581797904007,1.0,1.0
FD001,P15,0.62,-0.12806982606839049,0.12638178674326356,0.12638178674326356,0.9838709677419355,0.9838709677419355
FD001,P30,1.0,0.6788452278745493,-0.7741880440475104,0.7741880440475104,0.0,1.0
FD001,Nf,1.0,-0.573863934938421,0.7684091725777291,0.7684091725777291,1.0,1.0
FD001,Nc,1.0,-0.3220138941072293,0.739202038854702,0.7506210427274348,0.71,0.71
FD001,Ps30,1.0,-0.7181317192085388,0.8190297869795603,0.8190297869795603,1.0,1.0
FD001,phi,1.0,0.6931487099104524,-0.807522853198335,0.807522853198335,0.0,1.0
FD001,NRf,1.0,-0.5725486856446356,0.7619773367105986,0.7619773367105986,1.0,1.0
FD001,NRc,1.0,-0.20179200353811325,0.6633977768545982,0.7670568292888029,0.6,0.6
FD001,BPR,1.0,-0.6659053348298762,0.7209526619331126,0.7209526619331126,1.0,1.0
FD001,htBleed,1.0,-0.6293968932564037,0.6608646972722964,0.6608646972722964,1.0,1.0
FD001,W31,1.0,0.6533362855586343,-0.7059429675246455,0.7059429675246455,0.0,1.0
FD001,W32,1.0,0.6574169005272447,-0.7080048983058238,0.7080048983058238,0.0,1.0
FD002,T24,1.0,-0.587358429424553,0.6171506670043034,0.6171506670043034,1.0,1.0
FD002,T30,1.0,-0.5742777681695617,0.5984961919134378,0.5984961919134378,1.0,1.0
FD002,T50,1.0,-0.6819051032477946,0.7386247851519612,0.7386247851519612,1.0,1.0
FD002,P15,1.0,-0.35567085445071006,0.37286637575276116,0.37286637575276116,1.0,1.0
FD002,P30,1.0,0.4753294131659327,-0.5043192106321622,0.5043192106321622,0.0,1.0
FD002,Nf,1.0,-0.3792560183519742,0.5174063782555449,0.5174063782555449,0.8269230769230769,0.8269230769230769
FD002,Nc,1.0,-0.28424648667225394,0.6931744641519582,0.6988847733260817,0.7346153846153847,0.7346153846153847
FD002,epr,1.0,0.07193584471987038,-0.06944930610792877,0.08013919631387931,0.2,0.8
FD002,Ps30,1.0,-0.7136761586756422,0.7988170052039327,0.7988170052039327,1.0,1.0
FD002,phi,1.0,0.4990991035610697,-0.5380983134765918,0.5380983134765918,0.0,1.0
FD002,NRf,1.0,-0.37958611721091057,0.521149594368995,0.521149594368995,0.8153846153846154,0.8153846153846154
FD002,NRc,1.0,-0.15529857029014693,0.5840438290269234,0.7142356465227078,0.6,0.6
FD002,BPR,1.0,-0.6711166017281536,0.7340655783468064,0.7340655783468064,1.0,1.0
FD002,farB,1.0,-0.1912567351070416,0.19934381887654928,0.19934381887654928,0.9961538461538462,0.9961538461538462
FD002,htBleed,1.0,-0.5980784168122056,0.6247197383745843,0.6247197383745843,1.0,1.0
FD002,W31,1.0,0.45315488011825344,-0.46981004789543057,0.46981004789543057,0.0,1.0
FD002,W32,1.0,0.4465290449193298,-0.46416095166733196,0.46416095166733196,0.0,1.0
FD003,T24,1.0,-0.6483307841231987,0.6345362781761015,0.6345362781761015,1.0,1.0
FD003,T30,1.0,-0.6725188315503696,0.6389858179822673,0.6389858179822673,1.0,1.0
FD003,T50,1.0,-0.7254876668646998,0.7421055729418204,0.7421055729418204,1.0,1.0
FD003,P15,0.82,-0.2527250457212303,0.083450095125095,0.1669840869949062,0.6585365853658537,0.6585365853658537
FD003,P30,1.0,-0.07865668777857052,-0.6922988695615032,0.8201063896017746,0.44,0.56
FD003,Nf,1.0,-0.7387717097596644,0.8222746917010342,0.8222746917010342,1.0,1.0
FD003,Nc,1.0,-0.5888084466197442,0.8597721407465799,0.8597721407465799,0.84,0.84
FD003,epr,0.44,-0.4307632485626869,0.7002520672557062,0.7002520672557062,1.0,1.0
FD003,Ps30,1.0,-0.7584420334070917,0.7947066016382831,0.7947066016382831,1.0,1.0
FD003,phi,1.0,-0.09127974580756092,-0.7329175638770709,0.8455775095167293,0.44,0.56
FD003,NRf,1.0,-0.7401168255132486,0.8179234860972455,0.8179234860972455,1.0,1.0
FD003,NRc,1.0,-0.49033023904664924,0.8639727666293107,0.8639727666293107,0.77,0.77
FD003,BPR,1.0,-0.0897847034240395,0.6568168220239814,0.7401478610520681,0.56,0.56
FD003,htBleed,1.0,-0.6996765470443913,0.6840487202605607,0.6840487202605607,1.0,1.0
FD003,W31,1.0,0.08703291421176956,-0.6145609419851097,0.7000261804208261,0.44,0.56
FD003,W32,1.0,0.08796169697086971,-0.6130603213037136,0.6947121993817571,0.44,0.56
FD004,T24,1.0,-0.555176257757991,0.5460650754965163,0.5460650754965163,1.0,1.0
FD004,T30,1.0,-0.6175895886235795,0.6075988788539396,0.6075988788539396,1.0,1.0
FD004,T50,1.0,-0.6872044006855955,0.7145335324276068,0.7145335324276068,1.0,1.0
FD004,P15,1.0,-0.24173571129057755,0.2646743197497005,0.3272984229790325,0.6827309236947792,0.6827309236947792
FD004,P30,1.0,-0.12122142407672262,-0.3506737633812472,0.540856824557663,0.40562248995983935,0.5943775100401606
FD004,Nf,1.0,-0.5332623352298519,0.735007917486974,0.735007917486974,0.8473895582329317,0.8473895582329317
FD004,Nc,1.0,-0.5279534882513729,0.8372108367020619,0.8372108367020619,0.8514056224899599,0.8514056224899599
FD004,epr,1.0,-0.22413343809980701,0.022392417235933406,0.15821150745944856,0.5140562248995983,0.5140562248995983
FD004,Ps30,1.0,-0.7251788206877214,0.776668592134484,0.776668592134484,1.0,1.0
FD004,phi,1.0,-0.13011583860577514,-0.3756246513913412,0.5720265713127001,0.40562248995983935,0.5943775100401606
FD004,NRf,1.0,-0.5332511557276283,0.7343450632742984,0.7343450632742984,0.8554216867469879,0.8554216867469879
FD004,NRc,1.0,-0.42645905627014546,0.8462334666157411,0.8462334666157411,0.7751004016064257,0.7751004016064257
FD004,BPR,1.0,-0.13485760391303667,0.6569400466063912,0.7565330537128291,0.5943775100401606,0.5943775100401606
FD004,farB,1.0,-0.11788547930183518,0.12448984917099473,0.12448984917099473,0.9477911646586346,0.9477911646586346
FD004,htBleed,1.0,-0.6381444217806531,0.6349094760455771,0.6349094760455771,1.0,1.0
FD004,W31,1.0,0.06840688085768397,-0.364604390326118,0.4617060975528115,0.40562248995983935,0.5943775100401606
FD004,W32,1.0,0.0693919495734108,-0.35656054234962503,0.4661656400354611,0.40562248995983935,0.5943775100401606
