subset,sensor,raw_std,within_condition_std,within_condition_cv,eta2_condition
FD001,T2,0.0,0.0,0.0,
FD001,T24,0.5000532700606232,0.5000532700605593,0.0007780739150001523,0.0
FD001,T30,6.131149519690819,6.131149519690708,0.003854800630032274,0.0
FD001,T50,9.000604780543714,9.000604780543714,0.006388238324275223,0.0
FD001,P2,5.329199674912836e-15,0.0,0.0,0.0
FD001,P15,0.0013889849127073114,0.0013889849127084167,6.427568540490623e-05,0.0
FD001,P30,0.8850922576634073,0.8850922576633918,0.0015994649484083296,0.0
FD001,Nf,0.07098547889092417,0.07098547889055706,2.97247093587216e-05,0.0
FD001,Nc,22.082879525066232,22.082879525067685,0.0024359942330804316,0.0
FD001,epr,0.0,0.0,0.0,
FD001,Ps30,0.2670873986396848,0.2670873986396923,0.005618023474411511,0.0
FD001,phi,0.7375533922097114,0.7375533922096189,0.001414526924630729,0.0
FD001,NRf,0.07191891569857814,0.07191891569757358,3.0115586269646703e-05,0.0
FD001,NRc,19.076175975953106,19.076175975950633,0.0023424306492193236,0.0
FD001,BPR,0.03750503795196652,0.0375050379519659,0.0044425954975729634,0.0
FD001,farB,3.469531038354711e-18,0.0,0.0,0.0
FD001,htBleed,1.548763024614299,1.5487630246142876,0.003938761601115706,0.0
FD001,Nf_dmd,0.0,0.0,0.0,
FD001,PCNfR_dmd,0.0,0.0,0.0,
FD001,W31,0.18074642787366083,0.1807464278736582,0.004656460417173992,0.0
FD001,W32,0.10825087474491234,0.10825087474491285,0.004648013921499161,0.0
FD002,T2,26.38970731075918,0.0,0.0,1.0
FD002,T24,37.289399020462405,0.4439962919719848,0.0007659434750079751,0.9998576349941232
FD002,T30,105.9463406139554,5.687574862604539,0.004005416173731812,0.9971192022751282
FD002,T50,119.12342758532441,7.839283110315525,0.0065032435833515525,0.9956600154751742
FD002,P2,3.61383881855097,0.0,0.0,1.0
FD002,P15,5.431801597465489,0.0035878108783077146,0.0003092741537958636,0.9999994552918011
FD002,P30,146.0053061400599,0.5847895104403882,0.002069269167676093,0.9999836694015211
FD002,Nf,145.20981606834985,0.18877649842509758,8.469570691373462e-05,0.9999976827019617
FD002,Nc,335.8120126761641,17.296188831528976,0.00202883065890037,0.9973033597422822
FD002,epr,0.12746884775626657,0.0014578399195324353,0.0013314073623581426,0.9997580943802422
FD002,Ps30,3.2323720587863733,0.23859726054913036,0.0055506875404368996,0.9945233548202469
FD002,phi,137.6595069498954,0.47119296637932023,0.0017709425204330323,0.9999879187322224
FD002,NRf,128.06827104323716,0.19970877194278147,8.554460239704161e-05,0.9999966003422801
FD002,NRc,84.83794969298572,15.440292041881554,0.0019141021592664256,0.9662320631547607
FD002,BPR,0.7493354922324891,0.03882817465948176,0.004161802415726024,0.9973270163843742
FD002,farB,0.004711473795965339,0.0006838573607819234,0.0293174435463687,0.8854259143748312
FD002,htBleed,27.754515422961234,1.4304153790698335,0.004106736491646022,0.9973448839542615
FD002,Nf_dmd,145.32798014258134,0.0,0.0,1.0
FD002,PCNfR_dmd,5.364066520346077,0.0,0.0,1.0
FD002,W31,9.869331200699564,0.13163214636483278,0.006331727000105158,0.9998224460246982
FD002,W32,5.921615208351726,0.0781399972029432,0.006264519269179299,0.9998260267312894
FD003,T2,0.0,0.0,0.0,
FD003,T24,0.5230311380083125,0.5230311380082615,0.0008141096439050132,0.0
FD003,T30,6.810418054769426,6.810418054769547,0.004288462540965958,0.0
FD003,T50,9.773178327387521,9.77317832738769,0.0069586177639309795,0.0
FD003,P2,3.55278554007621e-15,0.0,0.0,0.0
FD003,P15,0.018116000048510276,0.018116000048508295,0.0008388652255876328,0.0
FD003,P30,3.4373428742748646,3.4373428742750245,0.006191806205315399,0.0
FD003,Nf,0.1582849283520036,0.15828492835195598,6.628148475965428e-05,0.0
FD003,Nc,19.980294309113177,19.980294309108753,0.00220433032318341,0.0
FD003,epr,0.0034848490401647348,0.0034848490401647365,0.0026781154983802147,0.0
FD003,Ps30,0.30007416142325294,0.3000741614232514,0.00632858143875332,0.0
FD003,phi,3.2553139774429254,3.2553139774430346,0.006223704324266952,0.0
FD003,NRf,0.15812066988897278,0.15812066988878382,6.621269941325799e-05,0.0
FD003,NRc,16.504117682690822,16.50411768269238,0.002026486551524567,0.0
FD003,BPR,0.06051161367848584,0.060511613678482665,0.007207044639072991,0.0
FD003,farB,6.939034257961348e-18,0.0,0.0,0.0
FD003,htBleed,1.7614585070963216,1.761458507096281,0.0044870316336222,0.0
FD003,Nf_dmd,0.0,0.0,0.0,
FD003,PCNfR_dmd,0.0,0.0,0.0,
FD003,W31,0.24886469460327212,0.24886469460328106,0.00638301971327272,0.0
FD003,W32,0.14923378801551612,0.14923378801551854,0.006379414126967807,0.0
FD004,T2,26.436831642865926,0.0,0.0,1.0
FD004,T24,37.342646701765034,0.47925266177199166,0.0008271247382854907,0.9998349344265468
FD004,T30,106.16759773766968,6.456879324952289,0.0045538435762650705,0.9962775671698574
FD004,T50,119.32759068781478,8.860799497928644,0.007372232520018494,0.9944317683521428
FD004,P2,3.622872117376346,0.0,0.0,1.0
FD004,P15,5.444016543155823,0.014807483907760129,0.0012776684651023935,0.9999924908290885
FD004,P30,146.880209523219,1.9025184034917242,0.0067148822289426245,0.9998124268240984
FD004,Nf,145.3482428873803,0.20672784950014275,9.275772646811474e-05,0.9999978567603647
FD004,Nc,336.92754654344185,17.600678812609164,0.002064674878504694,0.9972081872405059
FD004,epr,0.12768052859258314,0.004653756081948676,0.004244404478506134,0.9982940813842778
FD004,Ps30,3.24349153498898,0.27942400422929686,0.006517249502993586,0.992502693491674
FD004,phi,138.4791091630693,1.7840172656494009,0.006688334179710416,0.9998134105357067
FD004,NRf,128.19785924922147,0.21696300863457652,9.294056050150965e-05,0.9999969201602986
FD004,NRc,85.67054344902144,15.285537333920296,0.0018946323600376983,0.9671504490641415
FD004,BPR,0.7503736864794557,0.06707612539844386,0.007223668845114289,0.9918494939558313
FD004,farB,0.0046847056133810985,0.000647176682910883,0.027832609870599198,0.9083781485359594
FD004,htBleed,27.808283453502003,1.6292896755029374,0.004685097598561922,0.996543153033498
FD004,Nf_dmd,145.47249119146952,0.0,0.0,1.0
FD004,PCNfR_dmd,5.369423638908291,0.0,0.0,1.0
FD004,W31,9.93639614293778,0.16692416030912202,0.00800045496977401,0.9997115744485974
FD004,W32,5.962697250948247,0.09998122409703968,0.00798636153727536,0.9997124041787857
