fold,kind,unit,n_features,rmse_increase,subset,model,is_best
0,group,current,17,0.02957485890809804,FD003,lightgbm,True
0,group,mean,68,4.021019203175961,FD003,lightgbm,True
0,group,std,34,0.08804730646900201,FD003,lightgbm,True
0,group,slope,51,3.0318034783695293,FD003,lightgbm,True
0,group,minmax,68,2.469399658628669,FD003,lightgbm,True
0,group,delta,34,0.23282726279432944,FD003,lightgbm,True
0,group,baseline,17,23.99807845650656,FD003,lightgbm,True
0,group,cycle,1,6.9124288875291215,FD003,lightgbm,True
0,sensor,T24,17,-0.04712276982149414,FD003,lightgbm,True
0,sensor,T30,17,-0.4675821553190609,FD003,lightgbm,True
0,sensor,T50,17,3.333525816350513,FD003,lightgbm,True
0,sensor,P15,17,0.22813121284321505,FD003,lightgbm,True
0,sensor,P30,17,0.8865124196829631,FD003,lightgbm,True
0,sensor,Nf,17,0.2945758148503721,FD003,lightgbm,True
0,sensor,Nc,17,1.2331618854688398,FD003,lightgbm,True
0,sensor,epr,17,0.017890129329940052,FD003,lightgbm,True
0,sensor,Ps30,17,5.957259786446554,FD003,lightgbm,True
0,sensor,phi,17,1.2032811616397243,FD003,lightgbm,True
0,sensor,NRf,17,-0.20142880126679152,FD003,lightgbm,True
0,sensor,NRc,17,0.6766669639476509,FD003,lightgbm,True
0,sensor,BPR,17,0.0554380815718698,FD003,lightgbm,True
0,sensor,farB,17,0.0,FD003,lightgbm,True
0,sensor,htBleed,17,1.1697196948447175,FD003,lightgbm,True
0,sensor,W31,17,0.32558427956118763,FD003,lightgbm,True
0,sensor,W32,17,0.0136308756305444,FD003,lightgbm,True
0,sensor,cycle,1,6.846145853223312,FD003,lightgbm,True
1,group,current,17,-0.005772591076098029,FD003,lightgbm,True
1,group,mean,68,3.274961882649919,FD003,lightgbm,True
1,group,std,34,0.2515333809753872,FD003,lightgbm,True
1,group,slope,51,2.8282066324513733,FD003,lightgbm,True
1,group,minmax,68,2.0470103075640704,FD003,lightgbm,True
1,group,delta,34,0.03547914268444785,FD003,lightgbm,True
1,group,baseline,17,28.868656218116794,FD003,lightgbm,True
1,group,cycle,1,6.258755614648855,FD003,lightgbm,True
1,sensor,T24,17,-0.48136139818832174,FD003,lightgbm,True
1,sensor,T30,17,0.07903310589028756,FD003,lightgbm,True
1,sensor,T50,17,3.215115715322806,FD003,lightgbm,True
1,sensor,P15,17,-1.0114397799690937,FD003,lightgbm,True
1,sensor,P30,17,0.9827487205140043,FD003,lightgbm,True
1,sensor,Nf,17,0.03463052567407191,FD003,lightgbm,True
1,sensor,Nc,17,1.2529140442581734,FD003,lightgbm,True
1,sensor,epr,17,-0.00100600878106268,FD003,lightgbm,True
1,sensor,Ps30,17,5.694109570543371,FD003,lightgbm,True
1,sensor,phi,17,1.5588698053955532,FD003,lightgbm,True
1,sensor,NRf,17,0.2568430570410201,FD003,lightgbm,True
1,sensor,NRc,17,1.1244801481213813,FD003,lightgbm,True
1,sensor,BPR,17,0.5159681952020687,FD003,lightgbm,True
1,sensor,farB,17,0.0,FD003,lightgbm,True
1,sensor,htBleed,17,0.5401183501402388,FD003,lightgbm,True
1,sensor,W31,17,-0.01658504351261314,FD003,lightgbm,True
1,sensor,W32,17,0.02472479500084468,FD003,lightgbm,True
1,sensor,cycle,1,7.38161203507499,FD003,lightgbm,True
2,group,current,17,-0.002637372874296773,FD003,lightgbm,True
2,group,mean,68,5.262328563886803,FD003,lightgbm,True
2,group,std,34,0.4435740234979395,FD003,lightgbm,True
2,group,slope,51,3.455695816682376,FD003,lightgbm,True
2,group,minmax,68,3.2515064335912514,FD003,lightgbm,True
2,group,delta,34,0.16477180799532457,FD003,lightgbm,True
2,group,baseline,17,27.54023073475824,FD003,lightgbm,True
2,group,cycle,1,7.101690914218149,FD003,lightgbm,True
2,sensor,T24,17,-0.022152764945789254,FD003,lightgbm,True
2,sensor,T30,17,-0.21906345036270855,FD003,lightgbm,True
2,sensor,T50,17,4.14677544429795,FD003,lightgbm,True
2,sensor,P15,17,0.1803343197754863,FD003,lightgbm,True
2,sensor,P30,17,0.600340219431058,FD003,lightgbm,True
2,sensor,Nf,17,0.8614255661169127,FD003,lightgbm,True
2,sensor,Nc,17,1.3219496058836953,FD003,lightgbm,True
2,sensor,epr,17,-0.001473914597138896,FD003,lightgbm,True
2,sensor,Ps30,17,8.065607778919075,FD003,lightgbm,True
2,sensor,phi,17,0.9508133263748993,FD003,lightgbm,True
2,sensor,NRf,17,-0.1110728308236606,FD003,lightgbm,True
2,sensor,NRc,17,1.2072304117826498,FD003,lightgbm,True
2,sensor,BPR,17,0.3356433359733207,FD003,lightgbm,True
2,sensor,farB,17,0.0,FD003,lightgbm,True
2,sensor,htBleed,17,0.8992309136563387,FD003,lightgbm,True
2,sensor,W31,17,0.04156341569108927,FD003,lightgbm,True
2,sensor,W32,17,0.09027443814114615,FD003,lightgbm,True
2,sensor,cycle,1,7.314817681358801,FD003,lightgbm,True
3,group,current,17,-0.006124438019370497,FD003,lightgbm,True
3,group,mean,68,2.9849861891886698,FD003,lightgbm,True
3,group,std,34,0.24310810040106587,FD003,lightgbm,True
3,group,slope,51,3.1321001938635007,FD003,lightgbm,True
3,group,minmax,68,1.6044383084641727,FD003,lightgbm,True
3,group,delta,34,0.5376364720132413,FD003,lightgbm,True
3,group,baseline,17,28.555808788407788,FD003,lightgbm,True
3,group,cycle,1,5.468489822212599,FD003,lightgbm,True
3,sensor,T24,17,0.31888073800240413,FD003,lightgbm,True
3,sensor,T30,17,0.18187566096789295,FD003,lightgbm,True
3,sensor,T50,17,5.310496249638919,FD003,lightgbm,True
3,sensor,P15,17,-0.17619785005055988,FD003,lightgbm,True
3,sensor,P30,17,1.0855222659762447,FD003,lightgbm,True
3,sensor,Nf,17,1.500429344058497,FD003,lightgbm,True
3,sensor,Nc,17,3.2694107053687858,FD003,lightgbm,True
3,sensor,epr,17,0.0017604562564965676,FD003,lightgbm,True
3,sensor,Ps30,17,4.788991708343477,FD003,lightgbm,True
3,sensor,phi,17,1.7424053342312125,FD003,lightgbm,True
3,sensor,NRf,17,0.6879735355990443,FD003,lightgbm,True
3,sensor,NRc,17,3.2354879974961706,FD003,lightgbm,True
3,sensor,BPR,17,1.1298534635411908,FD003,lightgbm,True
3,sensor,farB,17,0.0,FD003,lightgbm,True
3,sensor,htBleed,17,0.5434201011639471,FD003,lightgbm,True
3,sensor,W31,17,-0.12689872886763828,FD003,lightgbm,True
3,sensor,W32,17,0.06483482792090456,FD003,lightgbm,True
3,sensor,cycle,1,4.97361889603988,FD003,lightgbm,True
4,group,current,17,0.0016829093982503689,FD003,lightgbm,True
4,group,mean,68,4.444378695441121,FD003,lightgbm,True
4,group,std,34,0.4392396151964893,FD003,lightgbm,True
4,group,slope,51,3.3547598744638396,FD003,lightgbm,True
4,group,minmax,68,2.064765180614989,FD003,lightgbm,True
4,group,delta,34,0.7451262369221053,FD003,lightgbm,True
4,group,baseline,17,29.54474508186676,FD003,lightgbm,True
4,group,cycle,1,7.027813937077092,FD003,lightgbm,True
4,sensor,T24,17,0.5159496209868131,FD003,lightgbm,True
4,sensor,T30,17,0.30344650631410036,FD003,lightgbm,True
4,sensor,T50,17,4.37722792329452,FD003,lightgbm,True
4,sensor,P15,17,0.022171668853080344,FD003,lightgbm,True
4,sensor,P30,17,0.5653594294269274,FD003,lightgbm,True
4,sensor,Nf,17,0.643144973947234,FD003,lightgbm,True
4,sensor,Nc,17,3.0481375090155876,FD003,lightgbm,True
4,sensor,epr,17,0.009218559783929456,FD003,lightgbm,True
4,sensor,Ps30,17,7.797139242311386,FD003,lightgbm,True
4,sensor,phi,17,0.9785681084792012,FD003,lightgbm,True
4,sensor,NRf,17,0.5770259454541335,FD003,lightgbm,True
4,sensor,NRc,17,1.4765983793251902,FD003,lightgbm,True
4,sensor,BPR,17,-0.08623682579423726,FD003,lightgbm,True
4,sensor,farB,17,0.0,FD003,lightgbm,True
4,sensor,htBleed,17,0.9489160992030984,FD003,lightgbm,True
4,sensor,W31,17,0.37837544249043314,FD003,lightgbm,True
4,sensor,W32,17,0.11114337293936256,FD003,lightgbm,True
4,sensor,cycle,1,6.977223917261372,FD003,lightgbm,True
-1,feature_native,T24,1,0.00025,FD003,lightgbm,True
-1,feature_native,T30,1,0.0006500000000000001,FD003,lightgbm,True
-1,feature_native,T50,1,0.00018333333333333334,FD003,lightgbm,True
-1,feature_native,P15,1,0.0005833333333333334,FD003,lightgbm,True
-1,feature_native,P30,1,0.00028333333333333335,FD003,lightgbm,True
-1,feature_native,Nf,1,0.00021666666666666666,FD003,lightgbm,True
-1,feature_native,Nc,1,0.0003833333333333333,FD003,lightgbm,True
-1,feature_native,epr,1,1.6666666666666667e-05,FD003,lightgbm,True
-1,feature_native,Ps30,1,0.00011666666666666665,FD003,lightgbm,True
-1,feature_native,phi,1,0.00025,FD003,lightgbm,True
-1,feature_native,NRf,1,0.00011666666666666668,FD003,lightgbm,True
-1,feature_native,NRc,1,0.0003833333333333333,FD003,lightgbm,True
-1,feature_native,BPR,1,0.00031666666666666665,FD003,lightgbm,True
-1,feature_native,farB,1,0.0,FD003,lightgbm,True
-1,feature_native,htBleed,1,1.6666666666666667e-05,FD003,lightgbm,True
-1,feature_native,W31,1,0.00015000000000000001,FD003,lightgbm,True
-1,feature_native,W32,1,0.0002333333333333333,FD003,lightgbm,True
-1,feature_native,T24_mean5,1,0.0013666666666666666,FD003,lightgbm,True
-1,feature_native,T30_mean5,1,0.0016,FD003,lightgbm,True
-1,feature_native,T50_mean5,1,0.0021000000000000003,FD003,lightgbm,True
-1,feature_native,P15_mean5,1,0.00215,FD003,lightgbm,True
-1,feature_native,P30_mean5,1,0.0006833333333333333,FD003,lightgbm,True
-1,feature_native,Nf_mean5,1,0.0011166666666666666,FD003,lightgbm,True
-1,feature_native,Nc_mean5,1,0.0016833333333333336,FD003,lightgbm,True
-1,feature_native,epr_mean5,1,0.0,FD003,lightgbm,True
-1,feature_native,Ps30_mean5,1,0.0040999999999999995,FD003,lightgbm,True
-1,feature_native,phi_mean5,1,0.00095,FD003,lightgbm,True
-1,feature_native,NRf_mean5,1,0.0013666666666666666,FD003,lightgbm,True
-1,feature_native,NRc_mean5,1,0.0017833333333333336,FD003,lightgbm,True
-1,feature_native,BPR_mean5,1,0.0010166666666666668,FD003,lightgbm,True
-1,feature_native,farB_mean5,1,0.0,FD003,lightgbm,True
-1,feature_native,htBleed_mean5,1,0.0008666666666666666,FD003,lightgbm,True
-1,feature_native,W31_mean5,1,0.0006333333333333333,FD003,lightgbm,True
-1,feature_native,W32_mean5,1,0.0008666666666666666,FD003,lightgbm,True
-1,feature_native,T24_mean10,1,0.0017499999999999998,FD003,lightgbm,True
-1,feature_native,T24_std10,1,0.002266666666666667,FD003,lightgbm,True
-1,feature_native,T24_slope10,1,0.0014833333333333332,FD003,lightgbm,True
-1,feature_native,T30_mean10,1,0.002666666666666667,FD003,lightgbm,True
-1,feature_native,T30_std10,1,0.0019166666666666666,FD003,lightgbm,True
-1,feature_native,T30_slope10,1,0.0009833333333333332,FD003,lightgbm,True
-1,feature_native,T50_mean10,1,0.00215,FD003,lightgbm,True
-1,feature_native,T50_std10,1,0.00255,FD003,lightgbm,True
-1,feature_native,T50_slope10,1,0.0016999999999999997,FD003,lightgbm,True
-1,feature_native,P15_mean10,1,0.00225,FD003,lightgbm,True
-1,feature_native,P15_std10,1,0.0005833333333333334,FD003,lightgbm,True
-1,feature_native,P15_slope10,1,0.00025,FD003,lightgbm,True
-1,feature_native,P30_mean10,1,0.0010666666666666667,FD003,lightgbm,True
-1,feature_native,P30_std10,1,0.002266666666666667,FD003,lightgbm,True
-1,feature_native,P30_slope10,1,0.0011166666666666664,FD003,lightgbm,True
-1,feature_native,Nf_mean10,1,0.0016833333333333331,FD003,lightgbm,True
-1,feature_native,Nf_std10,1,0.0023166666666666665,FD003,lightgbm,True
-1,feature_native,Nf_slope10,1,0.0017833333333333334,FD003,lightgbm,True
-1,feature_native,Nc_mean10,1,0.0022166666666666663,FD003,lightgbm,True
-1,feature_native,Nc_std10,1,0.0030499999999999998,FD003,lightgbm,True
-1,feature_native,Nc_slope10,1,0.0020666666666666667,FD003,lightgbm,True
-1,feature_native,epr_mean10,1,3.3333333333333335e-05,FD003,lightgbm,True
-1,feature_native,epr_std10,1,5e-05,FD003,lightgbm,True
-1,feature_native,epr_slope10,1,0.0001,FD003,lightgbm,True
-1,feature_native,Ps30_mean10,1,0.003116666666666666,FD003,lightgbm,True
-1,feature_native,Ps30_std10,1,0.003316666666666667,FD003,lightgbm,True
-1,feature_native,Ps30_slope10,1,0.0025499999999999997,FD003,lightgbm,True
-1,feature_native,phi_mean10,1,0.0009000000000000001,FD003,lightgbm,True
-1,feature_native,phi_std10,1,0.0025666666666666667,FD003,lightgbm,True
-1,feature_native,phi_slope10,1,0.0014,FD003,lightgbm,True
-1,feature_native,NRf_mean10,1,0.0013999999999999998,FD003,lightgbm,True
-1,feature_native,NRf_std10,1,0.0025166666666666666,FD003,lightgbm,True
-1,feature_native,NRf_slope10,1,0.00205,FD003,lightgbm,True
-1,feature_native,NRc_mean10,1,0.0023166666666666665,FD003,lightgbm,True
-1,feature_native,NRc_std10,1,0.0027,FD003,lightgbm,True
-1,feature_native,NRc_slope10,1,0.00115,FD003,lightgbm,True
-1,feature_native,BPR_mean10,1,0.0018833333333333334,FD003,lightgbm,True
-1,feature_native,BPR_std10,1,0.002233333333333333,FD003,lightgbm,True
-1,feature_native,BPR_slope10,1,0.0008500000000000001,FD003,lightgbm,True
-1,feature_native,farB_mean10,1,0.0,FD003,lightgbm,True
-1,feature_native,farB_std10,1,0.0,FD003,lightgbm,True
-1,feature_native,farB_slope10,1,0.0,FD003,lightgbm,True
-1,feature_native,htBleed_mean10,1,0.0026166666666666664,FD003,lightgbm,True
-1,feature_native,htBleed_std10,1,0.0022500000000000003,FD003,lightgbm,True
-1,feature_native,htBleed_slope10,1,0.0008833333333333334,FD003,lightgbm,True
-1,feature_native,W31_mean10,1,0.00125,FD003,lightgbm,True
-1,feature_native,W31_std10,1,0.00235,FD003,lightgbm,True
-1,feature_native,W31_slope10,1,0.0011333333333333332,FD003,lightgbm,True
-1,feature_native,W32_mean10,1,0.0009166666666666666,FD003,lightgbm,True
-1,feature_native,W32_std10,1,0.002283333333333333,FD003,lightgbm,True
-1,feature_native,W32_slope10,1,0.0010666666666666667,FD003,lightgbm,True
-1,feature_native,T24_mean20,1,0.003333333333333333,FD003,lightgbm,True
-1,feature_native,T24_slope20,1,0.0016333333333333332,FD003,lightgbm,True
-1,feature_native,T30_mean20,1,0.0033,FD003,lightgbm,True
-1,feature_native,T30_slope20,1,0.0019333333333333333,FD003,lightgbm,True
-1,feature_native,T50_mean20,1,0.003833333333333333,FD003,lightgbm,True
-1,feature_native,T50_slope20,1,0.0011833333333333333,FD003,lightgbm,True
-1,feature_native,P15_mean20,1,0.0053,FD003,lightgbm,True
-1,feature_native,P15_slope20,1,0.0012666666666666666,FD003,lightgbm,True
-1,feature_native,P30_mean20,1,0.001466666666666667,FD003,lightgbm,True
-1,feature_native,P30_slope20,1,0.0017833333333333334,FD003,lightgbm,True
-1,feature_native,Nf_mean20,1,0.0018166666666666667,FD003,lightgbm,True
-1,feature_native,Nf_slope20,1,0.0018,FD003,lightgbm,True
-1,feature_native,Nc_mean20,1,0.0039000000000000007,FD003,lightgbm,True
-1,feature_native,Nc_slope20,1,0.002,FD003,lightgbm,True
-1,feature_native,epr_mean20,1,0.00013333333333333334,FD003,lightgbm,True
-1,feature_native,epr_slope20,1,0.0005666666666666666,FD003,lightgbm,True
-1,feature_native,Ps30_mean20,1,0.0021999999999999997,FD003,lightgbm,True
-1,feature_native,Ps30_slope20,1,0.0025166666666666666,FD003,lightgbm,True
-1,feature_native,phi_mean20,1,0.001,FD003,lightgbm,True
-1,feature_native,phi_slope20,1,0.0024833333333333335,FD003,lightgbm,True
-1,feature_native,NRf_mean20,1,0.002566666666666667,FD003,lightgbm,True
-1,feature_native,NRf_slope20,1,0.0017000000000000001,FD003,lightgbm,True
-1,feature_native,NRc_mean20,1,0.003266666666666667,FD003,lightgbm,True
-1,feature_native,NRc_slope20,1,0.0018499999999999999,FD003,lightgbm,True
-1,feature_native,BPR_mean20,1,0.003083333333333333,FD003,lightgbm,True
-1,feature_native,BPR_slope20,1,0.0017166666666666667,FD003,lightgbm,True
-1,feature_native,farB_mean20,1,0.0,FD003,lightgbm,True
-1,feature_native,farB_slope20,1,0.0,FD003,lightgbm,True
-1,feature_native,htBleed_mean20,1,0.0031166666666666665,FD003,lightgbm,True
-1,feature_native,htBleed_slope20,1,0.0010833333333333333,FD003,lightgbm,True
-1,feature_native,W31_mean20,1,0.0013,FD003,lightgbm,True
-1,feature_native,W31_slope20,1,0.0016166666666666666,FD003,lightgbm,True
-1,feature_native,W32_mean20,1,0.0017333333333333333,FD003,lightgbm,True
-1,feature_native,W32_slope20,1,0.0011833333333333335,FD003,lightgbm,True
-1,feature_native,T24_mean30,1,0.0029500000000000004,FD003,lightgbm,True
-1,feature_native,T24_std30,1,0.0056,FD003,lightgbm,True
-1,feature_native,T24_slope30,1,0.0024333333333333334,FD003,lightgbm,True
-1,feature_native,T30_mean30,1,0.003766666666666667,FD003,lightgbm,True
-1,feature_native,T30_std30,1,0.005433333333333333,FD003,lightgbm,True
-1,feature_native,T30_slope30,1,0.002516666666666666,FD003,lightgbm,True
-1,feature_native,T50_mean30,1,0.004233333333333334,FD003,lightgbm,True
-1,feature_native,T50_std30,1,0.005283333333333333,FD003,lightgbm,True
-1,feature_native,T50_slope30,1,0.003216666666666667,FD003,lightgbm,True
-1,feature_native,P15_mean30,1,0.006566666666666667,FD003,lightgbm,True
-1,feature_native,P15_std30,1,0.00395,FD003,lightgbm,True
-1,feature_native,P15_slope30,1,0.004316666666666667,FD003,lightgbm,True
-1,feature_native,P30_mean30,1,0.0016,FD003,lightgbm,True
-1,feature_native,P30_std30,1,0.007566666666666666,FD003,lightgbm,True
-1,feature_native,P30_slope30,1,0.006,FD003,lightgbm,True
-1,feature_native,Nf_mean30,1,0.002783333333333333,FD003,lightgbm,True
-1,feature_native,Nf_std30,1,0.0078,FD003,lightgbm,True
-1,feature_native,Nf_slope30,1,0.0035833333333333333,FD003,lightgbm,True
-1,feature_native,Nc_mean30,1,0.004783333333333333,FD003,lightgbm,True
-1,feature_native,Nc_std30,1,0.007266666666666667,FD003,lightgbm,True
-1,feature_native,Nc_slope30,1,0.0068000000000000005,FD003,lightgbm,True
-1,feature_native,epr_mean30,1,0.00011666666666666668,FD003,lightgbm,True
-1,feature_native,epr_std30,1,0.0002333333333333333,FD003,lightgbm,True
-1,feature_native,epr_slope30,1,0.00075,FD003,lightgbm,True
-1,feature_native,Ps30_mean30,1,0.0025166666666666666,FD003,lightgbm,True
-1,feature_native,Ps30_std30,1,0.00605,FD003,lightgbm,True
-1,feature_native,Ps30_slope30,1,0.003833333333333333,FD003,lightgbm,True
-1,feature_native,phi_mean30,1,0.0018333333333333333,FD003,lightgbm,True
-1,feature_native,phi_std30,1,0.006166666666666666,FD003,lightgbm,True
-1,feature_native,phi_slope30,1,0.009833333333333333,FD003,lightgbm,True
-1,feature_native,NRf_mean30,1,0.0021833333333333336,FD003,lightgbm,True
-1,feature_native,NRf_std30,1,0.006033333333333333,FD003,lightgbm,True
-1,feature_native,NRf_slope30,1,0.004383333333333334,FD003,lightgbm,True
-1,feature_native,NRc_mean30,1,0.00515,FD003,lightgbm,True
-1,feature_native,NRc_std30,1,0.00595,FD003,lightgbm,True
-1,feature_native,NRc_slope30,1,0.006116666666666666,FD003,lightgbm,True
-1,feature_native,BPR_mean30,1,0.003166666666666667,FD003,lightgbm,True
-1,feature_native,BPR_std30,1,0.0049833333333333335,FD003,lightgbm,True
-1,feature_native,BPR_slope30,1,0.0029,FD003,lightgbm,True
-1,feature_native,farB_mean30,1,0.0,FD003,lightgbm,True
-1,feature_native,farB_std30,1,0.0,FD003,lightgbm,True
-1,feature_native,farB_slope30,1,0.0,FD003,lightgbm,True
-1,feature_native,htBleed_mean30,1,0.0032833333333333334,FD003,lightgbm,True
-1,feature_native,htBleed_std30,1,0.0042833333333333334,FD003,lightgbm,True
-1,feature_native,htBleed_slope30,1,0.0018666666666666669,FD003,lightgbm,True
-1,feature_native,W31_mean30,1,0.0024666666666666665,FD003,lightgbm,True
-1,feature_native,W31_std30,1,0.006016666666666667,FD003,lightgbm,True
-1,feature_native,W31_slope30,1,0.002533333333333333,FD003,lightgbm,True
-1,feature_native,W32_mean30,1,0.002516666666666666,FD003,lightgbm,True
-1,feature_native,W32_std30,1,0.00555,FD003,lightgbm,True
-1,feature_native,W32_slope30,1,0.0021833333333333336,FD003,lightgbm,True
-1,feature_native,T24_min10,1,0.004149999999999999,FD003,lightgbm,True
-1,feature_native,T24_max10,1,0.0038666666666666667,FD003,lightgbm,True
-1,feature_native,T30_min10,1,0.0041,FD003,lightgbm,True
-1,feature_native,T30_max10,1,0.004116666666666667,FD003,lightgbm,True
-1,feature_native,T50_min10,1,0.004433333333333333,FD003,lightgbm,True
-1,feature_native,T50_max10,1,0.0038,FD003,lightgbm,True
-1,feature_native,P15_min10,1,0.0006666666666666668,FD003,lightgbm,True
-1,feature_native,P15_max10,1,0.00035,FD003,lightgbm,True
-1,feature_native,P30_min10,1,0.0019833333333333335,FD003,lightgbm,True
-1,feature_native,P30_max10,1,0.0024333333333333334,FD003,lightgbm,True
-1,feature_native,Nf_min10,1,0.00155,FD003,lightgbm,True
-1,feature_native,Nf_max10,1,0.00135,FD003,lightgbm,True
-1,feature_native,Nc_min10,1,0.004383333333333334,FD003,lightgbm,True
-1,feature_native,Nc_max10,1,0.002916666666666667,FD003,lightgbm,True
-1,feature_native,epr_min10,1,0.0,FD003,lightgbm,True
-1,feature_native,epr_max10,1,1.6666666666666667e-05,FD003,lightgbm,True
-1,feature_native,Ps30_min10,1,0.0032833333333333334,FD003,lightgbm,True
-1,feature_native,Ps30_max10,1,0.004266666666666667,FD003,lightgbm,True
-1,feature_native,phi_min10,1,0.0017833333333333334,FD003,lightgbm,True
-1,feature_native,phi_max10,1,0.0013166666666666667,FD003,lightgbm,True
-1,feature_native,NRf_min10,1,0.0013166666666666665,FD003,lightgbm,True
-1,feature_native,NRf_max10,1,0.0015333333333333334,FD003,lightgbm,True
-1,feature_native,NRc_min10,1,0.004,FD003,lightgbm,True
-1,feature_native,NRc_max10,1,0.004333333333333333,FD003,lightgbm,True
-1,feature_native,BPR_min10,1,0.0036000000000000003,FD003,lightgbm,True
-1,feature_native,BPR_max10,1,0.0031166666666666665,FD003,lightgbm,True
-1,feature_native,farB_min10,1,0.0,FD003,lightgbm,True
-1,feature_native,farB_max10,1,0.0,FD003,lightgbm,True
-1,feature_native,htBleed_min10,1,0.0006000000000000001,FD003,lightgbm,True
-1,feature_native,htBleed_max10,1,0.0005666666666666667,FD003,lightgbm,True
-1,feature_native,W31_min10,1,0.0022833333333333334,FD003,lightgbm,True
-1,feature_native,W31_max10,1,0.0018000000000000002,FD003,lightgbm,True
-1,feature_native,W32_min10,1,0.004083333333333333,FD003,lightgbm,True
-1,feature_native,W32_max10,1,0.00245,FD003,lightgbm,True
-1,feature_native,T24_min30,1,0.010016666666666667,FD003,lightgbm,True
-1,feature_native,T24_max30,1,0.0112,FD003,lightgbm,True
-1,feature_native,T30_min30,1,0.011816666666666666,FD003,lightgbm,True
-1,feature_native,T30_max30,1,0.009866666666666666,FD003,lightgbm,True
-1,feature_native,T50_min30,1,0.011016666666666666,FD003,lightgbm,True
-1,feature_native,T50_max30,1,0.012416666666666668,FD003,lightgbm,True
-1,feature_native,P15_min30,1,0.0008333333333333333,FD003,lightgbm,True
-1,feature_native,P15_max30,1,0.0004333333333333333,FD003,lightgbm,True
-1,feature_native,P30_min30,1,0.0082,FD003,lightgbm,True
-1,feature_native,P30_max30,1,0.007483333333333333,FD003,lightgbm,True
-1,feature_native,Nf_min30,1,0.004333333333333333,FD003,lightgbm,True
-1,feature_native,Nf_max30,1,0.00575,FD003,lightgbm,True
-1,feature_native,Nc_min30,1,0.009166666666666667,FD003,lightgbm,True
-1,feature_native,Nc_max30,1,0.008400000000000001,FD003,lightgbm,True
-1,feature_native,epr_min30,1,0.0,FD003,lightgbm,True
-1,feature_native,epr_max30,1,1.6666666666666667e-05,FD003,lightgbm,True
-1,feature_native,Ps30_min30,1,0.009516666666666665,FD003,lightgbm,True
-1,feature_native,Ps30_max30,1,0.008233333333333332,FD003,lightgbm,True
-1,feature_native,phi_min30,1,0.005383333333333334,FD003,lightgbm,True
-1,feature_native,phi_max30,1,0.004833333333333334,FD003,lightgbm,True
-1,feature_native,NRf_min30,1,0.004116666666666666,FD003,lightgbm,True
-1,feature_native,NRf_max30,1,0.007683333333333332,FD003,lightgbm,True
-1,feature_native,NRc_min30,1,0.010533333333333334,FD003,lightgbm,True
-1,feature_native,NRc_max30,1,0.010116666666666666,FD003,lightgbm,True
-1,feature_native,BPR_min30,1,0.010383333333333333,FD003,lightgbm,True
-1,feature_native,BPR_max30,1,0.011033333333333332,FD003,lightgbm,True
-1,feature_native,farB_min30,1,0.0,FD003,lightgbm,True
-1,feature_native,farB_max30,1,0.0,FD003,lightgbm,True
-1,feature_native,htBleed_min30,1,0.0024333333333333334,FD003,lightgbm,True
-1,feature_native,htBleed_max30,1,0.002266666666666667,FD003,lightgbm,True
-1,feature_native,W31_min30,1,0.007300000000000001,FD003,lightgbm,True
-1,feature_native,W31_max30,1,0.005416666666666667,FD003,lightgbm,True
-1,feature_native,W32_min30,1,0.010433333333333333,FD003,lightgbm,True
-1,feature_native,W32_max30,1,0.008733333333333334,FD003,lightgbm,True
-1,feature_native,T24_diff10,1,0.0019166666666666666,FD003,lightgbm,True
-1,feature_native,T30_diff10,1,0.0018666666666666669,FD003,lightgbm,True
-1,feature_native,T50_diff10,1,0.002,FD003,lightgbm,True
-1,feature_native,P15_diff10,1,0.00023333333333333336,FD003,lightgbm,True
-1,feature_native,P30_diff10,1,0.0010000000000000002,FD003,lightgbm,True
-1,feature_native,Nf_diff10,1,0.0009000000000000001,FD003,lightgbm,True
-1,feature_native,Nc_diff10,1,0.0025499999999999997,FD003,lightgbm,True
-1,feature_native,epr_diff10,1,1.6666666666666667e-05,FD003,lightgbm,True
-1,feature_native,Ps30_diff10,1,0.0038666666666666667,FD003,lightgbm,True
-1,feature_native,phi_diff10,1,0.00275,FD003,lightgbm,True
-1,feature_native,NRf_diff10,1,0.0020666666666666667,FD003,lightgbm,True
-1,feature_native,NRc_diff10,1,0.0018499999999999999,FD003,lightgbm,True
-1,feature_native,BPR_diff10,1,0.0014833333333333335,FD003,lightgbm,True
-1,feature_native,farB_diff10,1,0.0,FD003,lightgbm,True
-1,feature_native,htBleed_diff10,1,0.0013666666666666666,FD003,lightgbm,True
-1,feature_native,W31_diff10,1,0.0012333333333333332,FD003,lightgbm,True
-1,feature_native,W32_diff10,1,0.0008,FD003,lightgbm,True
-1,feature_native,T24_momentum,1,0.0035166666666666666,FD003,lightgbm,True
-1,feature_native,T30_momentum,1,0.0018000000000000002,FD003,lightgbm,True
-1,feature_native,T50_momentum,1,0.010366666666666666,FD003,lightgbm,True
-1,feature_native,P15_momentum,1,0.0029333333333333334,FD003,lightgbm,True
-1,feature_native,P30_momentum,1,0.0031,FD003,lightgbm,True
-1,feature_native,Nf_momentum,1,0.004483333333333333,FD003,lightgbm,True
-1,feature_native,Nc_momentum,1,0.005299999999999999,FD003,lightgbm,True
-1,feature_native,epr_momentum,1,0.0005666666666666667,FD003,lightgbm,True
-1,feature_native,Ps30_momentum,1,0.010283333333333334,FD003,lightgbm,True
-1,feature_native,phi_momentum,1,0.00795,FD003,lightgbm,True
-1,feature_native,NRf_momentum,1,0.002283333333333333,FD003,lightgbm,True
-1,feature_native,NRc_momentum,1,0.0048000000000000004,FD003,lightgbm,True
-1,feature_native,BPR_momentum,1,0.003,FD003,lightgbm,True
-1,feature_native,farB_momentum,1,0.0,FD003,lightgbm,True
-1,feature_native,htBleed_momentum,1,0.0037500000000000007,FD003,lightgbm,True
-1,feature_native,W31_momentum,1,0.0027166666666666667,FD003,lightgbm,True
-1,feature_native,W32_momentum,1,0.0015,FD003,lightgbm,True
-1,feature_native,T24_delta_base,1,0.008499999999999999,FD003,lightgbm,True
-1,feature_native,T30_delta_base,1,0.005333333333333333,FD003,lightgbm,True
-1,feature_native,T50_delta_base,1,0.015233333333333331,FD003,lightgbm,True
-1,feature_native,P15_delta_base,1,0.0066166666666666665,FD003,lightgbm,True
-1,feature_native,P30_delta_base,1,0.0114,FD003,lightgbm,True
-1,feature_native,Nf_delta_base,1,0.014716666666666666,FD003,lightgbm,True
-1,feature_native,Nc_delta_base,1,0.012416666666666668,FD003,lightgbm,True
-1,feature_native,epr_delta_base,1,1.6666666666666667e-05,FD003,lightgbm,True
-1,feature_native,Ps30_delta_base,1,0.015616666666666668,FD003,lightgbm,True
-1,feature_native,phi_delta_base,1,0.01315,FD003,lightgbm,True
-1,feature_native,NRf_delta_base,1,0.012683333333333333,FD003,lightgbm,True
-1,feature_native,NRc_delta_base,1,0.016416666666666666,FD003,lightgbm,True
-1,feature_native,BPR_delta_base,1,0.007833333333333335,FD003,lightgbm,True
-1,feature_native,farB_delta_base,1,0.0,FD003,lightgbm,True
-1,feature_native,htBleed_delta_base,1,0.006483333333333332,FD003,lightgbm,True
-1,feature_native,W31_delta_base,1,0.008166666666666666,FD003,lightgbm,True
-1,feature_native,W32_delta_base,1,0.006466666666666667,FD003,lightgbm,True
-1,feature_native,cycle_feature,1,0.055433333333333334,FD003,lightgbm,True
