stage,subset,feature_set,model,config_id,params,n_features,fold_rmse,runtime_s,cap,n,rmse,mae,bias,phm08_score,phm08_score_per_sample,rmse_fold_std,rmse_vs_capped_truth,seed
seed_noise,FD003,F11_+cycle,lightgbm_seeded,1c8816c2b8,"{""colsample_bytree"": 0.5, ""learning_rate"": 0.05, ""min_child_samples"": 50, ""n_estimators"": 400, ""num_leaves"": 31, ""random_state"": 1, ""reg_lambda"": 1.0, ""subsample"": 0.8}",405,"[16.37, 16.43, 15.125, 17.396, 13.302]",56.1,125.0,1000.0,15.787481242803384,11.445820261182664,-2.7737229119534277,3805.029378053224,3.8050293780532236,1.5762279072677519,12.827388209494224,1
seed_noise,FD003,F11_+cycle,lightgbm_seeded,22058c3ecf,"{""colsample_bytree"": 0.5, ""learning_rate"": 0.05, ""min_child_samples"": 50, ""n_estimators"": 400, ""num_leaves"": 31, ""random_state"": 2, ""reg_lambda"": 1.0, ""subsample"": 0.8}",405,"[16.6, 16.742, 15.217, 17.587, 14.368]",71.0,125.0,1000.0,16.144018087223206,11.784805757072046,-2.348368602312591,4354.186649303412,4.354186649303412,1.2895623972421706,13.27865597945367,2
seed_noise,FD003,F11_+cycle,lightgbm_seeded,c7145e7100,"{""colsample_bytree"": 0.5, ""learning_rate"": 0.05, ""min_child_samples"": 50, ""n_estimators"": 400, ""num_leaves"": 31, ""random_state"": 3, ""reg_lambda"": 1.0, ""subsample"": 0.8}",405,"[16.074, 16.107, 14.99, 17.0, 14.061]",88.3,125.0,1000.0,15.679388815876969,11.368850658095521,-2.4244727652761986,3830.8201900642584,3.8308201900642582,1.1371027928801518,12.690181092852182,3
seed_noise,FD003,F11_+cycle,lightgbm_seeded,42d27de045,"{""colsample_bytree"": 0.5, ""learning_rate"": 0.05, ""min_child_samples"": 50, ""n_estimators"": 400, ""num_leaves"": 31, ""random_state"": 4, ""reg_lambda"": 1.0, ""subsample"": 0.8}",405,"[16.42, 16.737, 15.195, 17.007, 13.915]",95.7,125.0,1000.0,15.896891778306134,11.525621816413105,-2.481085949396046,4083.0437578515985,4.083043757851598,1.2868066385893258,12.936836036021102,4
seed_noise,FD003,F11_+cycle,lightgbm_seeded,4255311ae3,"{""colsample_bytree"": 0.5, ""learning_rate"": 0.05, ""min_child_samples"": 50, ""n_estimators"": 400, ""num_leaves"": 31, ""random_state"": 5, ""reg_lambda"": 1.0, ""subsample"": 0.8}",405,"[16.231, 16.541, 14.569, 16.351, 13.824]",99.2,125.0,1000.0,15.541800373460458,11.343100991126576,-2.32874384577348,3633.3927672463947,3.6333927672463946,1.2266764966526411,12.62991807037802,5
seed_noise,FD003,R1_F11 -expanding,lightgbm_seeded,1c8816c2b8,"{""colsample_bytree"": 0.5, ""learning_rate"": 0.05, ""min_child_samples"": 50, ""n_estimators"": 400, ""num_leaves"": 31, ""random_state"": 1, ""reg_lambda"": 1.0, ""subsample"": 0.8}",363,"[14.444, 15.703, 12.97, 16.739, 13.456]",95.2,125.0,1000.0,14.728661143941668,10.541694336657631,-2.1014203161811915,3405.3460814049513,3.4053460814049514,1.5624803462326091,11.78478673507986,1
seed_noise,FD003,R1_F11 -expanding,lightgbm_seeded,22058c3ecf,"{""colsample_bytree"": 0.5, ""learning_rate"": 0.05, ""min_child_samples"": 50, ""n_estimators"": 400, ""num_leaves"": 31, ""random_state"": 2, ""reg_lambda"": 1.0, ""subsample"": 0.8}",363,"[14.57, 15.905, 13.302, 16.622, 13.061]",94.5,125.0,1000.0,14.758525514200137,10.64275410883713,-2.057291920607421,3320.7402442582065,3.3207402442582064,1.565368461211694,11.791706220043391,2
seed_noise,FD003,R1_F11 -expanding,lightgbm_seeded,c7145e7100,"{""colsample_bytree"": 0.5, ""learning_rate"": 0.05, ""min_child_samples"": 50, ""n_estimators"": 400, ""num_leaves"": 31, ""random_state"": 3, ""reg_lambda"": 1.0, ""subsample"": 0.8}",363,"[14.62, 15.301, 12.928, 16.479, 13.223]",100.0,125.0,1000.0,14.569780136802091,10.517087689003276,-2.0248110238532417,3289.563457432723,3.289563457432723,1.472549217874616,11.585737922019863,3
seed_noise,FD003,R1_F11 -expanding,lightgbm_seeded,42d27de045,"{""colsample_bytree"": 0.5, ""learning_rate"": 0.05, ""min_child_samples"": 50, ""n_estimators"": 400, ""num_leaves"": 31, ""random_state"": 4, ""reg_lambda"": 1.0, ""subsample"": 0.8}",363,"[14.853, 15.955, 13.502, 17.219, 13.843]",94.3,125.0,1000.0,15.136487484702652,10.870082484757667,-1.9547938094634574,3678.367103594217,3.678367103594217,1.5340188524501943,12.218428529821763,4
seed_noise,FD003,R1_F11 -expanding,lightgbm_seeded,4255311ae3,"{""colsample_bytree"": 0.5, ""learning_rate"": 0.05, ""min_child_samples"": 50, ""n_estimators"": 400, ""num_leaves"": 31, ""random_state"": 5, ""reg_lambda"": 1.0, ""subsample"": 0.8}",363,"[14.925, 15.445, 13.29, 16.457, 13.322]",88.4,125.0,1000.0,14.739363289426915,10.61577075718539,-2.0296780058848354,3329.9178280381866,3.3299178280381865,1.3764353984913231,11.802688455754188,5
seed_noise,FD003,R2_F7 +cycle (minimal),lightgbm_seeded,1c8816c2b8,"{""colsample_bytree"": 0.5, ""learning_rate"": 0.05, ""min_child_samples"": 50, ""n_estimators"": 400, ""num_leaves"": 31, ""random_state"": 1, ""reg_lambda"": 1.0, ""subsample"": 0.8}",290,"[13.884, 14.79, 13.229, 16.494, 13.038]",62.4,125.0,1000.0,14.34278526715315,10.399964146458151,-1.935928998423869,2994.326680403095,2.994326680403095,1.4111502964859477,11.352460100867447,1
seed_noise,FD003,R2_F7 +cycle (minimal),lightgbm_seeded,22058c3ecf,"{""colsample_bytree"": 0.5, ""learning_rate"": 0.05, ""min_child_samples"": 50, ""n_estimators"": 400, ""num_leaves"": 31, ""random_state"": 2, ""reg_lambda"": 1.0, ""subsample"": 0.8}",290,"[14.067, 15.487, 13.649, 16.772, 13.561]",60.3,125.0,1000.0,14.759530536590365,10.667928146516319,-1.8656649366860683,3349.053337165181,3.3490533371651807,1.388942806656453,11.765871977679044,2
seed_noise,FD003,R2_F7 +cycle (minimal),lightgbm_seeded,c7145e7100,"{""colsample_bytree"": 0.5, ""learning_rate"": 0.05, ""min_child_samples"": 50, ""n_estimators"": 400, ""num_leaves"": 31, ""random_state"": 3, ""reg_lambda"": 1.0, ""subsample"": 0.8}",290,"[13.883, 15.184, 13.344, 16.234, 13.088]",60.4,125.0,1000.0,14.39579418037355,10.349485785935922,-1.9814443407310591,3033.705257150891,3.033705257150891,1.3293299145924413,11.396549186855017,3
seed_noise,FD003,R2_F7 +cycle (minimal),lightgbm_seeded,42d27de045,"{""colsample_bytree"": 0.5, ""learning_rate"": 0.05, ""min_child_samples"": 50, ""n_estimators"": 400, ""num_leaves"": 31, ""random_state"": 4, ""reg_lambda"": 1.0, ""subsample"": 0.8}",290,"[13.877, 15.075, 13.188, 16.609, 13.012]",42.1,125.0,1000.0,14.414826201736279,10.353487914068715,-2.014530916461895,3038.9214070203807,3.0389214070203807,1.4995338811166952,11.407928471159087,4
seed_noise,FD003,R2_F7 +cycle (minimal),lightgbm_seeded,4255311ae3,"{""colsample_bytree"": 0.5, ""learning_rate"": 0.05, ""min_child_samples"": 50, ""n_estimators"": 400, ""num_leaves"": 31, ""random_state"": 5, ""reg_lambda"": 1.0, ""subsample"": 0.8}",290,"[13.942, 15.333, 13.312, 16.498, 13.122]",45.5,125.0,1000.0,14.498711906352879,10.435935142148512,-2.0221714175419487,3166.0918790523797,3.1660918790523795,1.439752475305756,11.510034538886043,5
